participant,vt,Activity,value
p01,2019-11-01 14:56:32,Walk,1331000
p01,2019-11-01 19:03:11,Walk,2202000
p01,2019-11-02 13:26:38,Walk,2458000
p01,2019-11-04 21:22:08,Walk,1024000
p01,2019-11-05 19:27:25,Walk,973000
p01,2019-11-05 22:40:41,Run,1465000
p01,2019-11-08 15:04:32,Walk,1844000
p01,2019-11-09 06:44:58,Walk,3123000
p01,2019-11-10 07:49:30,Walk,2867000
p01,2019-11-11 20:53:44,Run,1264000
p01,2019-11-12 05:38:14,Walk,922000
p01,2019-11-14 15:07:34,Walk,1997000
p01,2019-11-14 20:09:40,Sport,3175000
p01,2019-11-14 21:34:10,Walk,1485000
p01,2019-11-15 08:33:52,Walk,1126000
p01,2019-11-15 10:24:48,Walk,1229000
p01,2019-11-15 14:26:19,Walk,2560000
p01,2019-11-16 06:11:02,Walk,973000
p01,2019-11-16 14:27:42,Sport,1126000
p01,2019-11-16 18:30:55,Walk,921000
p01,2019-11-17 08:28:55,Walk,2202000
p01,2019-11-18 20:43:15,Treadmill,3155000
p01,2019-11-19 21:44:23,Walk,973000
p01,2019-11-21 15:06:49,Walk,1178000
p01,2019-11-21 19:27:06,Sport,5786000
p01,2019-11-22 14:55:23,Walk,922000
p01,2019-11-22 15:18:26,Walk,973000
p01,2019-11-22 20:01:46,Walk,1024000
p01,2019-11-23 07:23:37,Walk,5428000
p01,2019-11-23 09:09:24,Run,1810000
p01,2019-11-24 08:14:31,Walk,3584000
p01,2019-11-24 15:00:44,Walk,1383000
p01,2019-11-25 15:06:22,Walk,1332000
p01,2019-11-26 06:19:45,Treadmill,434000
p01,2019-11-26 06:28:37,Treadmill,1792000
p01,2019-11-26 20:07:18,Walk,1536000
p01,2019-11-27 16:51:30,Walk,1025000
p01,2019-11-27 19:25:58,Walk,1025000
p01,2019-11-28 20:03:11,Sport,4403000
p01,2019-11-29 14:02:26,Walk,922000
p01,2019-11-29 21:17:40,Walk,1383000
p01,2019-11-30 09:27:18,Walk,2202000
p01,2019-11-30 14:31:06,Walk,973000
p01,2019-12-01 12:58:11,Walk,1178000
p01,2019-12-02 14:54:35,Walk,2714000
p01,2019-12-03 07:35:32,Treadmill,2420000
p01,2019-12-03 19:40:08,Walk,1127000
p01,2019-12-05 20:04:09,Sport,4301000
p01,2019-12-05 22:03:38,Walk,1024000
p01,2019-12-06 15:49:30,Walk,1127000
p01,2019-12-07 12:50:00,Sport,1229000
p01,2019-12-07 20:46:14,Walk,1178000
p01,2019-12-08 07:34:48,Walk,1126000
p01,2019-12-08 17:59:28,Walk,1178000
p01,2019-12-08 19:47:00,Walk,1126000
p01,2019-12-13 14:29:01,Walk,1331000
p01,2019-12-13 15:21:55,Walk,1229000
p01,2019-12-13 21:50:11,Walk,1229000
p01,2019-12-14 22:02:34,Walk,1639000
p01,2019-12-15 07:12:07,Walk,1229000
p01,2019-12-15 08:06:44,Walk,3738000
p01,2019-12-15 19:14:03,Walk,2560000
p01,2019-12-16 21:42:57,Walk,1076000
p01,2019-12-17 18:33:58,Walk,1075000
p01,2019-12-17 21:56:12,Walk,1331000
p01,2019-12-18 17:54:17,Walk,1280000
p01,2019-12-18 21:35:18,Walk,1737000
p01,2019-12-19 15:30:26,Walk,1997000
p01,2019-12-19 19:03:46,Walk,1536000
p01,2019-12-19 21:37:22,Walk,1792000
p01,2019-12-20 19:31:30,Walk,1229000
p01,2019-12-20 21:35:14,Walk,2151000
p01,2019-12-21 08:01:35,Walk,5889000
p01,2019-12-21 14:39:15,Walk,1075000
p01,2019-12-21 21:50:11,Walk,1024000
p01,2019-12-22 08:15:40,Walk,3072000
p01,2019-12-23 08:08:26,Walk,5018000
p01,2019-12-23 21:03:16,Walk,1024000
p01,2019-12-25 09:07:20,Walk,1178000
p01,2019-12-26 13:23:11,Run,1586000
p01,2019-12-26 19:03:14,Walk,1741000
p01,2019-12-27 07:44:25,Walk,1843000
p01,2019-12-28 07:49:59,Walk,1229000
p01,2019-12-29 19:38:48,Walk,1024000
p01,2019-12-31 17:09:28,Walk,1433000
p01,2020-01-02 12:54:21,Walk,1434000
p01,2020-01-03 06:39:59,Treadmill,1896000
p01,2020-01-03 14:15:51,Walk,2560000
p01,2020-01-03 18:04:33,Walk,1484000
p01,2020-01-04 07:47:37,Run,3043000
p01,2020-01-04 13:19:40,Walk,922000
p01,2020-01-05 07:15:59,Run,13000
p01,2020-01-05 18:31:35,Walk,1894000
p01,2020-01-06 19:18:05,Walk,1639000
p01,2020-01-07 06:20:30,Treadmill,2053000
p01,2020-01-07 15:01:15,Walk,3226000
p01,2020-01-08 14:59:59,Walk,1587000
p01,2020-01-09 15:05:33,Walk,1536000
p01,2020-01-09 20:12:45,Sport,3379000
p01,2020-01-10 14:57:27,Walk,3534000
p01,2020-01-10 21:47:04,Walk,1024000
p01,2020-01-11 08:31:20,Walk,1127000
p01,2020-01-11 14:23:46,Walk,972000
p01,2020-01-11 21:13:22,Walk,922000
p01,2020-01-12 20:19:12,Walk,1792000
p01,2020-01-13 19:29:16,Walk,1690000
p01,2020-01-14 06:22:00,Treadmill,2017000
p01,2020-01-14 21:14:41,Walk,1485000
p01,2020-01-15 15:20:08,Walk,3788000
p01,2020-01-15 21:29:37,Walk,1075000
p01,2020-01-16 19:33:08,Sport,1229000
p01,2020-01-16 21:37:44,Walk,921000
p01,2020-01-17 15:18:26,Walk,1536000
p01,2020-01-17 19:44:40,Walk,973000
p01,2020-01-18 07:02:02,Run,3167000
p01,2020-01-19 12:19:19,Walk,4608000
p01,2020-01-20 21:32:42,Walk,922000
p01,2020-01-21 16:08:01,Walk,1689000
p01,2020-01-22 18:34:22,Walk,1024000
p01,2020-01-23 18:27:08,Sport,4301000
p01,2020-01-25 06:26:56,Walk,1741000
p01,2020-01-25 11:08:43,Run,2474000
p01,2020-01-25 19:14:56,Walk,973000
p01,2020-01-26 13:10:08,Walk,4659000
p01,2020-01-28 15:19:00,Walk,4096000
p01,2020-01-28 19:35:51,Walk,1536000
p01,2020-01-30 05:56:40,Walk,973000
p01,2020-01-30 18:29:19,Sport,5427000
p01,2020-01-31 19:32:54,Walk,2151000
p01,2020-02-01 06:29:58,Sport,1536000
p01,2020-02-02 07:21:43,Sport,1024000
p01,2020-02-02 16:44:55,Walk,922000
p01,2020-02-03 17:54:28,Walk,1280000
p01,2020-02-05 06:18:32,Treadmill,2060000
p01,2020-02-05 16:46:12,Walk,3020000
p01,2020-02-06 06:41:22,Treadmill,2378000
p01,2020-02-06 15:40:04,Walk,973000
p01,2020-02-06 18:33:18,Sport,4966000
p01,2020-02-06 21:29:05,Walk,1126000
p01,2020-02-08 09:20:21,Walk,922000
p01,2020-02-09 07:54:47,Walk,1484000
p01,2020-02-10 19:52:26,Run,2144000
p01,2020-02-12 15:47:05,Walk,1075000
p01,2020-02-12 18:30:04,Walk,1434000
p01,2020-02-13 05:56:35,Treadmill,2107000
p01,2020-02-14 19:00:49,Walk,973000
p01,2020-02-16 22:03:10,Walk,973000
p01,2020-02-18 07:32:47,Walk,1616000
p01,2020-02-18 19:11:17,Walk,1178000
p01,2020-02-19 06:57:15,Walk,2406000
p01,2020-02-19 20:16:02,Walk,1229000
p01,2020-02-21 06:54:15,Run,1240000
p01,2020-02-21 09:48:37,Run,2102000
p01,2020-02-22 15:50:31,Walk,1535000
p01,2020-02-26 06:30:39,Run,1717000
p01,2020-02-27 16:04:30,Walk,1331000
p01,2020-02-27 18:29:34,Sport,5171000
p01,2020-02-29 10:58:23,Walk,1331000
p01,2020-03-01 12:35:20,Walk,1485000
p01,2020-03-02 16:13:50,Walk,1331000
p01,2020-03-03 05:49:17,Walk,973000
p01,2020-03-05 18:31:36,Sport,4297000
p01,2020-03-05 20:03:25,Run,1901000
p01,2020-03-06 15:54:53,Walk,1843000
p01,2020-03-07 07:11:27,Walk,1024000
p01,2020-03-07 08:41:54,Walk,2253000
p01,2020-03-08 13:50:00,Walk,1536000
p01,2020-03-09 06:02:46,Walk,922000
p01,2020-03-10 06:33:12,Treadmill,2470000
p01,2020-03-10 16:31:03,Walk,1075000
p01,2020-03-12 12:47:01,Walk,1433000
p01,2020-03-14 08:10:29,Run,1758000
p01,2020-03-14 15:52:04,Walk,1170000
p01,2020-03-15 05:59:44,Walk,1075000
p01,2020-03-15 16:03:04,Walk,2663000
p01,2020-03-16 15:45:28,Walk,973000
p01,2020-03-17 06:52:25,Walk,1075000
p01,2020-03-17 17:18:46,Walk,1434000
p01,2020-03-19 13:57:28,Walk,941000
p01,2020-03-19 15:21:24,Walk,1382000
p01,2020-03-21 07:50:57,Walk,6577000
p01,2020-03-25 07:20:34,Walk,1178000
p01,2020-03-25 16:16:28,Walk,2253000
p01,2020-03-26 17:13:13,Walk,2611000
p01,2020-03-27 07:31:40,Walk,1024000
p01,2020-03-27 13:07:53,Walk,1076000
p01,2020-03-27 16:22:27,Walk,2918000
p01,2020-03-28 09:58:08,Walk,5581000
p01,2020-03-29 07:42:53,Walk,1076000
p01,2020-03-31 16:51:36,Walk,2764000
p02,2019-11-06 15:10:31,Walk,922000
p02,2019-11-06 17:06:01,Run,4315000
p02,2019-11-07 15:14:23,Walk,1280000
p02,2019-11-07 17:57:23,Sport,1792000
p02,2019-11-07 18:33:14,Walk,1433000
p02,2019-11-08 07:18:41,Walk,921000
p02,2019-11-08 15:33:39,Run,3789000
p02,2019-11-09 07:54:09,Walk,1331000
p02,2019-11-09 11:59:04,Walk,6144000
p02,2019-11-10 11:41:37,Walk,2612000
p02,2019-11-10 13:23:10,Walk,1997000
p02,2019-11-10 14:31:34,Weights,2319000
p02,2019-11-11 06:54:30,Walk,922000
p02,2019-11-11 14:48:59,Walk,1587000
p02,2019-11-11 17:19:41,Run,4861000
p02,2019-11-12 06:58:24,Walk,973000
p02,2019-11-12 12:26:47,Weights,5053000
p02,2019-11-12 14:45:12,Walk,2406000
p02,2019-11-12 18:30:29,Walk,3379000
p02,2019-11-13 15:45:45,Run,3610000
p02,2019-11-13 17:39:47,Walk,1126000
p02,2019-11-13 22:00:04,Aerobic Workout,973000
p02,2019-11-14 07:01:08,Walk,922000
p02,2019-11-14 14:29:09,Walk,2509000
p02,2019-11-15 06:54:05,Walk,973000
p02,2019-11-15 13:51:05,Weights,3028000
p02,2019-11-15 15:10:44,Walk,2458000
p02,2019-11-16 13:21:56,Run,4271000
p02,2019-11-18 07:04:12,Walk,973000
p02,2019-11-18 10:38:14,Weights,5130000
p02,2019-11-18 13:45:17,Walk,3943000
p02,2019-11-18 18:18:23,Run,2258000
p02,2019-11-20 14:02:53,Walk,10446000
p02,2019-11-21 13:53:07,Walk,5479000
p02,2019-11-22 07:10:47,Walk,1024000
p02,2019-11-22 13:27:35,Weights,9310000
p02,2019-11-23 12:24:26,Walk,3379000
p02,2019-11-25 06:49:07,Walk,1075000
p02,2019-11-25 11:58:18,Weights,2517000
p02,2019-11-25 14:31:37,Walk,3073000
p02,2019-11-25 17:30:26,Run,5255000
p02,2019-11-26 07:07:30,Walk,1945000
p02,2019-11-26 09:30:00,Walk,3226000
p02,2019-11-26 14:14:10,Walk,922000
p02,2019-11-26 18:35:18,Walk,3891000
p02,2019-11-27 11:39:30,Weights,2253000
p02,2019-11-27 17:57:04,Run,2324000
p02,2019-11-29 06:55:57,Walk,922000
p02,2019-11-29 15:16:52,Walk,5530000
p02,2019-11-30 11:54:30,Walk,1024000
p02,2019-12-01 00:09:17,Walk,1024000
p02,2019-12-01 10:45:03,Sport,5429000
p02,2019-12-01 12:28:20,Walk,4403000
p02,2019-12-02 07:00:19,Walk,1024000
p02,2019-12-02 14:42:51,Walk,973000
p02,2019-12-02 14:59:04,Sport,1177000
p02,2019-12-02 15:18:41,Walk,2868000
p02,2019-12-02 18:09:21,Walk,5018000
p02,2019-12-03 07:00:00,Walk,921000
p02,2019-12-03 10:08:40,Weights,2904000
p02,2019-12-03 14:06:41,Walk,1894000
p02,2019-12-04 19:30:38,Walk,3123000
p02,2019-12-05 06:59:21,Walk,1024000
p02,2019-12-05 10:26:17,Weights,2446000
p02,2019-12-05 13:31:53,Run,4046000
p02,2019-12-06 07:03:17,Walk,1024000
p02,2019-12-06 14:40:40,Walk,3175000
p02,2019-12-06 16:20:31,Walk,1434000
p02,2019-12-07 08:53:56,Aerobic Workout,1178000
p02,2019-12-07 09:31:29,Sport,4199000
p02,2019-12-07 10:50:00,Aerobic Workout,1382000
p02,2019-12-07 18:28:16,Walk,1639000
p02,2019-12-07 22:05:02,Walk,1024000
p02,2019-12-08 10:55:40,Walk,3892000
p02,2019-12-08 14:24:58,Run,6096000
p02,2019-12-09 16:20:37,Run,1075000
p02,2019-12-09 17:05:51,Run,2099000
p02,2019-12-11 17:32:29,Walk,5223000
p02,2019-12-12 07:11:45,Walk,1024000
p02,2019-12-12 10:18:27,Weights,3597000
p02,2019-12-12 12:21:31,Walk,1536000
p02,2019-12-12 12:47:07,Run,922000
p02,2019-12-12 15:48:53,Walk,1331000
p02,2019-12-12 18:48:56,Walk,3022000
p02,2019-12-13 07:02:51,Walk,1126000
p02,2019-12-13 14:17:35,Run,4865000
p02,2019-12-14 11:29:35,Walk,4557000
p02,2019-12-15 10:36:18,Walk,4813000
p02,2019-12-15 13:43:26,Treadmill,6048000
p02,2019-12-16 12:10:52,Weights,2856000
p02,2019-12-16 13:53:56,Walk,1281000
p02,2019-12-16 17:14:29,Walk,6657000
p02,2019-12-17 06:52:01,Walk,973000
p02,2019-12-17 14:24:18,Walk,1229000
p02,2019-12-17 18:40:18,Walk,4250000
p02,2019-12-18 11:37:07,Treadmill,4991000
p02,2019-12-18 15:15:12,Walk,3687000
p02,2019-12-18 17:39:26,Walk,1178000
p02,2019-12-19 07:22:05,Walk,1024000
p02,2019-12-19 18:59:16,Walk,3430000
p02,2019-12-20 07:14:03,Walk,1075000
p02,2019-12-20 09:32:17,Walk,1076000
p02,2019-12-20 11:29:12,Walk,1024000
p02,2019-12-20 12:00:19,Run,28486000
p02,2019-12-20 12:00:37,Run,4635000
p02,2019-12-21 11:48:26,Walk,973000
p02,2019-12-22 15:09:50,Weights,3009000
p02,2019-12-24 14:00:07,Run,2641000
p02,2019-12-25 11:58:25,Walk,6964000
p02,2019-12-26 11:06:49,Walk,6759000
p02,2019-12-26 14:22:18,Weights,1236000
p02,2019-12-27 15:01:07,Walk,4199000
p02,2019-12-28 09:31:07,Run,4277000
p02,2019-12-28 12:04:58,Walk,2714000
p02,2019-12-29 12:13:06,Walk,3329000
p02,2019-12-30 10:10:24,Weights,3060000
p02,2019-12-30 13:09:52,Walk,5070000
p02,2020-01-02 11:20:35,Weights,2524000
p02,2020-01-03 16:32:30,Walk,4097000
p02,2020-01-04 10:42:22,Sport,2611000
p02,2020-01-04 11:25:53,Walk,3687000
p02,2020-01-04 15:06:04,Walk,2714000
p02,2020-01-05 12:25:18,Aerobic Workout,2918000
p02,2020-01-06 09:21:18,Weights,10292000
p02,2020-01-06 14:37:11,Walk,5530000
p02,2020-01-06 17:12:30,Walk,1024000
p02,2020-01-06 19:16:15,Walk,973000
p02,2020-01-07 07:03:41,Walk,1485000
p02,2020-01-07 18:11:45,Run,6324000
p02,2020-01-08 10:57:08,Walk,2970000
p02,2020-01-08 14:14:16,Walk,1843000
p02,2020-01-08 15:02:55,Walk,1331000
p02,2020-01-08 17:02:23,Walk,5274000
p02,2020-01-09 17:54:22,Walk,4147000
p02,2020-01-10 07:13:57,Walk,921000
p02,2020-01-10 10:09:18,Weights,3175000
p02,2020-01-10 15:01:53,Run,4450000
p02,2020-01-12 13:00:20,Weights,25970000
p02,2020-01-13 14:03:09,Walk,3175000
p02,2020-01-13 17:34:47,Walk,4571000
p02,2020-01-14 07:02:25,Walk,973000
p02,2020-01-14 09:47:10,Bike,1475000
p02,2020-01-14 10:11:55,Run,4266000
p02,2020-01-14 14:27:01,Walk,3328000
p02,2020-01-15 07:03:43,Walk,2048000
p02,2020-01-15 14:45:23,Walk,3277000
p02,2020-01-15 16:55:56,Walk,5377000
p02,2020-01-15 19:06:40,Weights,3424000
p02,2020-01-16 07:04:10,Walk,921000
p02,2020-01-16 14:24:29,Walk,3431000
p02,2020-01-16 18:08:04,Walk,2662000
p02,2020-01-17 06:56:55,Walk,922000
p02,2020-01-17 09:56:07,Walk,2458000
p02,2020-01-17 13:52:53,Run,4665000
p02,2020-01-18 11:49:13,Walk,2509000
p02,2020-01-18 15:31:22,Weights,3667000
p02,2020-01-19 12:00:45,Walk,4044000
p02,2020-01-20 17:23:44,Walk,5684000
p02,2020-01-21 07:00:23,Walk,1024000
p02,2020-01-21 10:01:01,Bike,1889000
p02,2020-01-21 10:32:38,Run,4305000
p02,2020-01-21 14:30:57,Walk,1280000
p02,2020-01-21 14:52:17,Sport,2508000
p02,2020-01-21 19:03:10,Walk,1945000
p02,2020-01-21 20:42:09,Walk,921000
p02,2020-01-22 06:44:37,Walk,921000
p02,2020-01-22 11:22:46,Weights,2204000
p02,2020-01-22 14:53:34,Walk,1024000
p02,2020-01-22 15:10:38,Sport,2202000
p02,2020-01-22 18:57:38,Walk,3072000
p02,2020-01-23 14:41:52,Run,4660000
p02,2020-01-24 11:12:36,Walk,1485000
p02,2020-01-24 12:14:02,Walk,2099000
p02,2020-01-24 13:51:20,Walk,1587000
p02,2020-01-24 15:45:20,Bike,4183000
p02,2020-01-25 18:22:23,Walk,1178000
p02,2020-01-26 08:32:18,Walk,1024000
p02,2020-01-27 07:02:51,Walk,1024000
p02,2020-01-27 12:11:56,Weights,2770000
p02,2020-01-27 14:01:50,Walk,1126000
p02,2020-01-27 14:20:36,Sport,1792000
p02,2020-01-27 14:50:28,Walk,1536000
p02,2020-01-27 17:33:47,Run,5195000
p02,2020-01-28 06:52:12,Walk,1177000
p02,2020-01-28 14:29:35,Walk,3174000
p02,2020-01-28 18:40:28,Walk,3021000
p02,2020-01-29 11:00:56,Walk,1690000
p02,2020-01-29 17:11:17,Walk,6298000
p02,2020-01-30 07:04:08,Walk,973000
p02,2020-01-30 10:38:07,Weights,5512000
p02,2020-01-30 14:33:50,Walk,3328000
p02,2020-01-31 07:08:50,Walk,1127000
p02,2020-01-31 15:20:22,Walk,4045000
p02,2020-02-01 11:44:55,Sport,1332000
p02,2020-02-01 13:08:40,Sport,1229000
p02,2020-02-02 10:07:20,Sport,1741000
p02,2020-02-02 11:59:08,Aerobic Workout,1177000
p02,2020-02-03 17:48:35,Walk,3737000
p02,2020-02-04 16:19:25,Sport,3788000
p02,2020-02-05 13:35:05,Weights,1741000
p02,2020-02-05 19:05:23,Walk,3533000
p02,2020-02-06 15:00:55,Sport,5581000
p02,2020-02-07 14:31:29,Run,2611000
p02,2020-02-07 15:15:52,Sport,3072000
p02,2020-02-08 14:57:32,Run,3891000
p02,2020-02-09 12:25:13,Aerobic Workout,973000
p02,2020-02-10 06:58:51,Walk,921000
p02,2020-02-10 14:20:02,Walk,2662000
p02,2020-02-11 06:47:43,Walk,1126000
p02,2020-02-11 10:59:27,Walk,3942000
p02,2020-02-11 14:31:05,Walk,2048000
p02,2020-02-11 18:06:07,Walk,3328000
p02,2020-02-12 07:06:04,Walk,1997000
p02,2020-02-12 14:05:04,Walk,1792000
p02,2020-02-12 15:07:22,Walk,1894000
p02,2020-02-12 17:08:32,Run,1178000
p02,2020-02-12 17:28:10,Walk,1331000
p02,2020-02-12 17:50:21,Run,2611000
p02,2020-02-13 07:13:19,Walk,1228000
p02,2020-02-13 10:27:30,Weights,2632000
p02,2020-02-13 13:33:54,Walk,1075000
p02,2020-02-13 13:51:49,Sport,1126000
p02,2020-02-13 14:10:35,Walk,3738000
p02,2020-02-14 14:48:43,Run,1024000
p02,2020-02-15 11:18:52,Run,4642000
p02,2020-02-15 13:23:50,Walk,1024000
p02,2020-02-15 16:31:34,Walk,1894000
p02,2020-02-16 01:11:15,Walk,2662000
p02,2020-02-16 10:55:47,Walk,5069000
p02,2020-02-16 15:22:32,Run,5279000
p02,2020-02-17 07:10:04,Walk,1075000
p02,2020-02-17 11:32:31,Weights,4342000
p02,2020-02-17 13:54:33,Walk,4096000
p02,2020-02-18 07:01:59,Walk,1024000
p02,2020-02-18 14:28:16,Walk,3277000
p02,2020-02-18 18:45:59,Walk,3123000
p02,2020-02-19 07:04:08,Aerobic Workout,6298000
p02,2020-02-19 16:58:04,Walk,5222000
p02,2020-02-20 06:57:46,Walk,1024000
p02,2020-02-20 08:08:35,Walk,2970000
p02,2020-02-20 10:28:32,Walk,2765000
p02,2020-02-20 14:12:07,Walk,3174000
p02,2020-02-20 18:28:58,Walk,3686000
p02,2020-02-21 11:58:25,Weights,3113000
p02,2020-02-21 15:01:11,Swim,1434000
p02,2020-02-21 15:33:37,Sport,3943000
p02,2020-02-22 14:35:17,Walk,1280000
p02,2020-02-23 13:05:17,Walk,3276000
p02,2020-02-23 13:59:53,Run,3123000
p02,2020-02-24 18:06:56,Sport,2969000
p02,2020-02-24 18:56:25,Walk,1536000
p02,2020-02-26 06:31:28,Run,2662000
p02,2020-02-26 16:31:22,Walk,1792000
p02,2020-02-26 16:57:45,Weights,3501000
p02,2020-02-27 06:42:38,Run,5027000
p02,2020-02-27 10:28:16,Walk,6092000
p02,2020-02-27 12:26:52,Walk,1280000
p02,2020-02-27 15:20:06,Walk,1638000
p02,2020-02-29 09:06:22,Sport,5068000
p02,2020-02-29 13:06:09,Walk,7015000
p02,2020-02-29 19:54:10,Walk,921000
p02,2020-03-01 11:36:16,Walk,3942000
p02,2020-03-02 12:49:17,Run,4644000
p02,2020-03-02 17:06:27,Walk,3584000
p02,2020-03-03 09:50:20,Cross Country Skiing,7181000
p02,2020-03-03 13:33:33,Walk,4659000
p02,2020-03-04 10:03:12,Walk,973000
p02,2020-03-04 16:30:37,Walk,5786000
p02,2020-03-05 12:20:10,Sport,3482000
p02,2020-03-05 13:18:12,Walk,1536000
p02,2020-03-05 13:43:48,Sport,1484000
p02,2020-03-06 10:23:43,Sport,2150000
p02,2020-03-06 10:59:33,Walk,1639000
p02,2020-03-06 11:26:52,Sport,1945000
p02,2020-03-07 10:20:45,Sport,4249000
p02,2020-03-08 13:33:11,Sport,1433000
p02,2020-03-08 14:38:02,Sport,1433000
p02,2020-03-09 07:08:46,Walk,1690000
p02,2020-03-09 11:54:39,Walk,3789000
p02,2020-03-09 13:07:11,Run,3994000
p02,2020-03-10 17:23:45,Walk,1126000
p02,2020-03-10 19:25:46,Walk,1536000
p02,2020-03-11 08:25:43,Walk,2202000
p02,2020-03-11 18:36:43,Walk,5017000
p02,2020-03-12 06:50:49,Walk,1075000
p02,2020-03-12 14:57:34,Walk,2406000
p02,2020-03-13 14:03:23,Outdoor Bike,1253000
p02,2020-03-13 14:33:40,Walk,4198000
p02,2020-03-14 10:36:54,Run,7806000
p02,2020-03-15 09:13:53,Walk,2765000
p02,2020-03-15 11:02:16,Walk,2765000
p02,2020-03-15 12:54:54,Walk,1792000
p02,2020-03-16 13:56:12,Sport,1997000
p02,2020-03-16 14:29:29,Walk,922000
p02,2020-03-16 16:22:08,Walk,3430000
p02,2020-03-17 08:47:15,Walk,1536000
p02,2020-03-17 13:54:52,Weights,3564000
p02,2020-03-17 19:37:30,Walk,3891000
p02,2020-03-18 12:39:04,Walk,4301000
p02,2020-03-18 15:38:16,Walk,2918000
p02,2020-03-19 10:16:51,Weights,8577000
p02,2020-03-19 12:53:43,Run,6825000
p02,2020-03-20 09:59:57,Walk,2202000
p02,2020-03-20 13:03:26,Walk,3737000
p02,2020-03-21 12:26:54,Run,1332000
p02,2020-03-21 12:58:42,Walk,1280000
p02,2020-03-22 11:41:29,Walk,5120000
p02,2020-03-22 13:09:51,Weights,2345000
p02,2020-03-23 13:52:27,Run,8433000
p02,2020-03-24 14:55:37,Walk,3857000
p02,2020-03-25 14:55:51,Run,2918000
p02,2020-03-26 13:31:35,Weights,5527000
p02,2020-03-27 10:27:49,Aerobic Workout,1639000
p02,2020-03-27 10:55:08,Walk,1997000
p02,2020-03-27 11:28:25,Run,1126000
p02,2020-03-28 16:43:07,Walk,1229000
p02,2020-03-28 19:55:07,Walk,1689000
p02,2020-03-29 12:40:20,Walk,5940000
p02,2020-03-29 15:22:28,Walk,1024000
p02,2020-03-30 08:41:50,Sport,1127000
p02,2020-03-30 14:02:42,Walk,6656000
p02,2020-03-31 09:46:05,Outdoor Bike,3539000
p02,2020-03-31 10:49:20,Sport,1638000
p02,2020-03-31 14:34:30,Outdoor Bike,922000
p03,2019-11-01 11:45:06,Walk,2355000
p03,2019-11-05 14:36:06,Walk,1946000
p03,2019-11-06 11:51:04,Walk,922000
p03,2019-11-11 14:22:34,Walk,2202000
p03,2019-11-14 16:16:52,Walk,1997000
p03,2019-12-21 10:41:57,Walk,1075000
p03,2019-12-23 11:28:21,Walk,1843000
p03,2019-12-24 10:57:25,Treadmill,975000
p03,2019-12-30 13:29:48,Treadmill,1949000
p03,2020-01-04 12:46:27,Walk,1434000
p03,2020-01-04 14:42:32,Walk,1331000
p03,2020-01-06 14:07:44,Walk,2100000
p03,2020-01-07 16:41:53,Walk,1280000
p03,2020-01-08 13:35:39,Walk,1741000
p03,2020-01-10 14:47:30,Walk,2458000
p03,2020-01-12 18:53:23,Walk,1945000
p03,2020-01-13 07:10:43,Walk,1587000
p03,2020-01-13 15:05:11,Walk,1331000
p03,2020-01-14 16:08:02,Walk,1741000
p03,2020-01-15 14:41:33,Walk,1484000
p03,2020-01-16 12:06:45,Walk,1485000
p03,2020-01-17 14:45:12,Walk,1689000
p03,2020-01-20 09:41:21,Walk,2406000
p03,2020-01-20 17:52:02,Walk,1382000
p03,2020-01-22 08:47:33,Walk,1075000
p03,2020-01-22 14:19:32,Walk,1690000
p03,2020-01-23 15:01:54,Walk,1434000
p03,2020-01-24 14:04:25,Walk,1741000
p03,2020-01-25 17:30:34,Walk,1076000
p03,2020-01-27 16:45:28,Walk,973000
p03,2020-01-29 15:28:54,Walk,2253000
p03,2020-01-30 12:04:37,Walk,2611000
p03,2020-01-31 14:21:48,Walk,3072000
p03,2020-01-31 16:10:11,Walk,1690000
p03,2020-02-03 14:47:28,Walk,2253000
p03,2020-02-04 16:43:11,Walk,1537000
p03,2020-02-05 05:50:02,Walk,1639000
p03,2020-02-05 15:49:57,Walk,2100000
p03,2020-02-06 06:41:24,Treadmill,2144000
p03,2020-02-06 12:05:12,Walk,1331000
p03,2020-02-07 13:53:14,Walk,922000
p03,2020-02-07 14:56:23,Walk,973000
p03,2020-02-07 16:29:24,Walk,1997000
p03,2020-02-10 15:48:23,Walk,1536000
p03,2020-02-11 14:07:22,Walk,1536000
p03,2020-02-12 15:46:04,Walk,1178000
p03,2020-02-12 18:29:56,Walk,1280000
p03,2020-02-13 12:03:01,Walk,1946000
p03,2020-02-18 14:42:47,Walk,1331000
p03,2020-02-19 14:40:35,Walk,1331000
p03,2020-02-20 15:15:51,Walk,1792000
p03,2020-02-21 12:50:21,Walk,1741000
p03,2020-02-26 15:42:17,Walk,1690000
p03,2020-02-27 12:08:31,Walk,1536000
p03,2020-03-04 14:37:09,Walk,1433000
p03,2020-03-06 18:26:42,Walk,1792000
p03,2020-03-09 15:08:15,Walk,1332000
p04,2019-11-05 20:10:00,Hockey,3000000
p04,2019-11-06 16:29:02,Cross Country Skiing,2382000
p04,2019-11-07 14:08:29,Weights,2780000
p04,2019-11-08 13:50:54,Cross Country Skiing,2927000
p04,2019-11-11 18:03:13,Cross Country Skiing,3221000
p04,2019-11-12 14:43:44,Run,732000
p04,2019-11-12 15:01:22,Treadmill,2232000
p04,2019-11-12 15:51:27,Run,468000
p04,2019-11-13 18:56:42,Run,2490000
p04,2019-11-14 15:27:31,Weights,2036000
p04,2019-11-15 08:11:35,Walk,1382000
p04,2019-11-15 10:19:35,Walk,1792000
p04,2019-11-17 12:40:37,Run,3408000
p04,2019-11-17 13:02:43,Run,1320000
p04,2019-11-18 17:55:38,Run,2072000
p04,2019-11-19 18:39:57,Treadmill,1350000
p04,2019-11-20 18:20:24,Weights,2354000
p04,2019-11-21 20:53:53,Walk,1024000
p04,2019-11-22 12:35:34,Run,956000
p04,2019-11-23 10:13:30,Weights,2625000
p04,2019-11-24 00:53:07,Aerobic Workout,1792000
p04,2019-11-24 13:53:59,Walk,5274000
p04,2019-11-25 18:02:39,Run,2981000
p04,2019-11-26 06:52:39,Walk,922000
p04,2019-11-26 19:02:39,Workout,3878000
p04,2019-11-28 17:05:50,Run,2160000
p04,2019-11-29 11:21:28,Walk,1025000
p04,2019-11-30 10:41:09,Weights,1889000
p04,2019-11-30 23:05:21,Walk,1024000
p04,2019-12-01 00:42:38,Walk,1024000
p04,2019-12-02 18:18:26,Treadmill,2529000
p04,2019-12-03 06:47:23,Walk,921000
p04,2019-12-03 09:06:29,Walk,1587000
p04,2019-12-03 19:03:22,Workout,3179000
p04,2019-12-05 15:04:21,Weights,2491000
p04,2019-12-09 09:22:04,Workout,3053000
p04,2019-12-10 13:30:44,Run,2470000
p04,2019-12-11 17:34:08,Weights,2870000
p04,2019-12-12 17:16:25,Run,2348000
p04,2019-12-14 10:06:49,Weights,5301000
p04,2019-12-14 14:14:16,Sport,2099000
p04,2019-12-15 13:28:37,Aerobic Workout,973000
p04,2019-12-16 17:58:43,Run,2272000
p04,2019-12-16 17:58:54,Run,2223000
p04,2019-12-17 18:16:27,Treadmill,2779000
p04,2019-12-19 08:00:11,Walk,1331000
p04,2019-12-19 09:35:45,Walk,1741000
p04,2019-12-20 18:20:11,Run,501000
p04,2019-12-21 23:57:38,Walk,973000
p04,2019-12-22 17:14:27,Walk,1792000
p04,2019-12-23 08:50:03,Run,3563000
p04,2019-12-24 12:48:14,Walk,1178000
p04,2019-12-25 12:06:50,Weights,4237000
p04,2019-12-25 23:04:47,Walk,921000
p04,2019-12-26 11:06:33,Hike,6878000
p04,2019-12-28 09:39:39,Weights,3133000
p04,2019-12-29 12:13:42,Walk,3277000
p04,2019-12-30 10:02:56,Weights,3553000
p04,2019-12-31 11:34:27,Walk,1075000
p04,2020-01-02 11:13:55,Treadmill,2713000
p04,2020-01-03 12:23:20,Treadmill,2884000
p04,2020-01-04 17:12:41,Weights,2227000
p04,2020-01-06 19:48:47,Walk,2202000
p04,2020-01-08 02:04:41,Walk,2202000
p04,2020-01-08 19:58:13,Run,2393000
p04,2020-01-09 20:17:24,Run,3123000
p04,2020-01-12 02:00:29,Weights,1984000
p04,2020-01-12 21:17:49,Run,2162000
p04,2020-01-13 07:02:58,Walk,1076000
p04,2020-01-13 20:15:09,Run,1251000
p04,2020-01-14 20:40:00,Run,3199000
p04,2020-01-15 22:32:19,Workout,4295000
p04,2020-01-16 02:50:02,Walk,1536000
p04,2020-01-16 22:16:33,Walk,1433000
p04,2020-01-17 02:08:39,Walk,1076000
p04,2020-01-17 06:46:51,Walk,1229000
p04,2020-01-17 23:58:20,Run,2117000
p04,2020-01-19 01:14:05,Walk,1945000
p04,2020-01-19 04:05:36,Walk,1741000
p04,2020-01-19 07:26:08,Walk,1536000
p04,2020-01-20 20:01:15,Run,3074000
p04,2020-01-21 00:35:42,Walk,1536000
p04,2020-01-21 04:34:38,Walk,1075000
p04,2020-01-21 06:02:31,Walk,973000
p04,2020-01-21 21:05:56,Run,2375000
p04,2020-01-22 22:22:35,Walk,1076000
p04,2020-01-23 03:32:21,Walk,1075000
p04,2020-01-23 07:06:20,Run,3010000
p04,2020-01-23 09:31:36,Walk,973000
p04,2020-01-23 11:00:21,Walk,1075000
p04,2020-01-24 01:26:29,Walk,1434000
p04,2020-01-24 07:10:26,Run,3102000
p04,2020-01-26 02:50:09,Walk,972000
p04,2020-01-26 04:47:03,Walk,922000
p04,2020-01-27 02:03:06,Run,1819000
p04,2020-01-28 01:13:43,Walk,1423000
p04,2020-01-28 06:42:56,Walk,1382000
p04,2020-01-28 22:20:44,Hike,13219000
p04,2020-01-30 12:16:37,Walk,973000
p04,2020-01-31 11:54:01,Sport,3175000
p04,2020-02-01 01:35:15,Run,2407000
p04,2020-02-01 05:13:11,Workout,4502000
p04,2020-02-01 19:24:10,Walk,973000
p04,2020-02-02 06:04:10,Walk,973000
p04,2020-02-02 09:50:18,Walk,973000
p04,2020-02-03 01:44:02,Run,1665000
p04,2020-02-03 03:35:01,Workout,4373000
p04,2020-02-03 06:11:25,Walk,1280000
p04,2020-02-03 10:03:32,Walk,1075000
p04,2020-02-04 02:15:40,Workout,5037000
p04,2020-02-04 12:17:04,Walk,1280000
p04,2020-02-05 04:33:18,Walk,4761000
p04,2020-02-05 12:26:02,Walk,1229000
p04,2020-02-07 12:05:19,Workout,1741000
p04,2020-02-09 11:42:02,Workout,1925000
p04,2020-02-10 23:59:44,Walk,1536000
p04,2020-02-11 00:49:14,Walk,6246000
p04,2020-02-12 13:10:57,Treadmill,7065000
p04,2020-02-15 11:01:06,Sport,2662000
p04,2020-02-16 13:44:31,Walk,1895000
p04,2020-02-17 17:44:11,Run,1967000
p04,2020-02-18 15:50:41,Weights,1681000
p04,2020-02-20 17:34:55,Workout,2292000
p04,2020-02-21 14:58:09,Sport,1638000
p04,2020-02-22 23:10:07,Walk,973000
p04,2020-02-24 13:43:22,Treadmill,2578000
p04,2020-02-26 12:08:01,Weights,4382000
p04,2020-02-26 16:53:50,Walk,1126000
p04,2020-02-27 14:06:25,Run,2754000
p04,2020-02-29 10:58:26,Sport,3789000
p04,2020-02-29 23:20:50,Aerobic Workout,1588000
p04,2020-03-01 12:51:31,Cross Country Skiing,4096000
p04,2020-03-03 12:12:15,Walk,2662000
p04,2020-03-04 12:07:38,Weights,3739000
p04,2020-03-05 12:13:58,Aerobic Workout,1894000
p04,2020-03-06 20:36:09,Sport,1075000
p04,2020-03-07 11:42:25,Aerobic Workout,921000
p04,2020-03-08 09:42:54,Hike,1865000
p04,2020-03-09 11:53:34,Walk,2048000
p04,2020-03-09 17:13:38,Run,1898000
p04,2020-03-10 18:06:37,Tennis,7723000
p04,2020-03-11 12:29:24,Weights,2925000
p04,2020-03-13 15:32:54,Run,2778000
p04,2020-03-14 11:15:00,Hike,6180000
p04,2020-03-16 16:14:00,Weights,2700000
p04,2020-03-17 14:15:23,Walk,2765000
p04,2020-03-18 17:09:08,Run,1890000
p04,2020-03-19 12:27:49,Hike,1697000
p04,2020-03-20 13:19:44,Cross Country Skiing,4583000
p04,2020-03-22 11:55:17,Walk,2509000
p04,2020-03-23 11:12:30,Run,3810000
p04,2020-03-23 12:21:00,Run,243000
p04,2020-03-24 18:26:28,Weights,3449000
p04,2020-03-25 17:06:38,Run,3223000
p04,2020-03-26 12:31:16,Run,3153000
p04,2020-03-27 14:10:05,Walk,2151000
p04,2020-03-28 09:48:34,Sport,1587000
p04,2020-03-28 11:05:08,Workout,3186000
p04,2020-03-28 15:06:01,Walk,3994000
p04,2020-03-29 10:13:45,Sport,2714000
p04,2020-03-30 12:40:57,Cross Country Skiing,1639000
p05,2019-11-01 18:56:06,Walk,1075000
p05,2019-11-02 23:47:02,Walk,1536000
p05,2019-11-05 14:51:54,Outdoor Bike,1229000
p05,2019-11-07 07:02:44,Outdoor Bike,1126000
p05,2019-11-07 13:24:13,Walk,2560000
p05,2019-11-07 14:31:40,Run,1726000
p05,2019-11-09 12:01:43,Walk,922000
p05,2019-11-13 15:19:44,Outdoor Bike,2201000
p05,2019-11-14 07:07:01,Outdoor Bike,1076000
p05,2019-11-14 16:20:02,Outdoor Bike,2868000
p05,2019-11-15 10:30:42,Walk,3277000
p05,2019-11-17 12:02:18,Walk,2406000
p05,2019-11-20 07:10:23,Outdoor Bike,1076000
p05,2019-11-20 14:22:11,Outdoor Bike,1075000
p05,2019-11-20 19:52:26,Walk,1228000
p05,2019-11-22 19:34:36,Walk,1331000
p05,2019-11-24 09:48:24,Walk,973000
p05,2019-11-27 07:08:37,Outdoor Bike,1178000
p05,2019-11-27 13:28:22,Outdoor Bike,2355000
p05,2019-11-29 14:11:06,Walk,1280000
p05,2019-11-30 09:20:33,Walk,1075000
p05,2019-11-30 13:11:49,Walk,1280000
p05,2019-12-01 10:43:47,Walk,5888000
p05,2019-12-04 07:10:08,Outdoor Bike,1331000
p05,2019-12-04 13:50:21,Outdoor Bike,1075000
p05,2019-12-04 15:32:45,Outdoor Bike,1126000
p05,2019-12-05 19:31:20,Walk,3533000
p05,2019-12-06 11:02:22,Walk,1587000
p05,2019-12-06 13:15:29,Walk,1485000
p05,2019-12-08 09:50:04,Walk,1998000
p05,2019-12-09 07:15:13,Outdoor Bike,1025000
p05,2019-12-11 08:55:00,Walk,2253000
p05,2019-12-11 15:17:19,Walk,1178000
p05,2019-12-11 18:07:08,Outdoor Bike,1331000
p05,2019-12-11 21:49:52,Outdoor Bike,1178000
p05,2019-12-12 07:41:04,Run,2756000
p05,2019-12-12 20:42:04,Walk,1178000
p05,2019-12-13 07:36:36,Outdoor Bike,1229000
p05,2019-12-13 14:13:25,Outdoor Bike,1177000
p05,2019-12-14 13:35:28,Walk,1075000
p05,2019-12-16 07:59:18,Outdoor Bike,1280000
p05,2019-12-16 15:05:08,Outdoor Bike,1126000
p05,2019-12-17 07:14:41,Outdoor Bike,1127000
p05,2019-12-17 20:35:59,Outdoor Bike,1536000
p05,2019-12-19 09:10:49,Walk,922000
p05,2019-12-19 16:55:03,Walk,1178000
p05,2019-12-19 21:17:02,Walk,2048000
p05,2019-12-20 07:17:48,Outdoor Bike,1178000
p05,2019-12-20 14:48:23,Outdoor Bike,1280000
p05,2019-12-21 09:41:38,Walk,1895000
p05,2019-12-21 17:24:10,Walk,921000
p05,2019-12-22 11:23:39,Walk,1945000
p05,2019-12-24 09:14:01,Walk,1177000
p05,2019-12-30 10:21:02,Walk,1433000
p05,2019-12-31 09:43:56,Walk,6042000
p05,2020-01-01 20:44:02,Walk,1434000
p05,2020-01-02 09:47:18,Run,3084000
p05,2020-01-02 19:10:57,Treadmill,2000000
p05,2020-01-03 10:10:25,Walk,5479000
p05,2020-01-04 11:11:27,Walk,922000
p05,2020-01-04 13:12:37,Walk,973000
p05,2020-01-05 19:11:30,Treadmill,1826000
p05,2020-01-06 08:57:29,Walk,5481000
p05,2020-01-06 11:40:31,Walk,2611000
p05,2020-01-06 18:28:25,Walk,2611000
p05,2020-01-07 14:47:50,Walk,3380000
p05,2020-01-07 17:51:18,Walk,1332000
p05,2020-01-07 19:23:08,Treadmill,2691000
p05,2020-01-08 07:09:11,Outdoor Bike,1229000
p05,2020-01-08 13:38:18,Outdoor Bike,2355000
p05,2020-01-09 13:43:51,Walk,3380000
p05,2020-01-09 20:05:18,Outdoor Bike,1792000
p05,2020-01-10 07:14:19,Outdoor Bike,1126000
p05,2020-01-10 15:01:56,Outdoor Bike,2048000
p05,2020-01-10 19:06:51,Walk,1280000
p05,2020-01-12 14:54:17,Walk,1177000
p05,2020-01-12 21:08:54,Walk,921000
p05,2020-01-13 14:03:31,Walk,1843000
p05,2020-01-13 20:05:20,Walk,1177000
p05,2020-01-14 13:52:51,Walk,2048000
p05,2020-01-14 18:38:43,Walk,973000
p05,2020-01-15 19:29:52,Elliptical,2154000
p05,2020-01-16 07:09:15,Outdoor Bike,1126000
p05,2020-01-16 19:57:16,Outdoor Bike,1075000
p05,2020-01-19 13:31:19,Walk,2201000
p05,2020-01-19 15:12:00,Walk,1280000
p05,2020-01-20 09:43:04,Outdoor Bike,1843000
p05,2020-01-20 14:14:26,Outdoor Bike,1177000
p05,2020-01-20 19:38:42,Walk,1741000
p05,2020-01-22 07:04:22,Outdoor Bike,1177000
p05,2020-01-22 14:20:25,Outdoor Bike,2099000
p05,2020-01-23 08:01:07,Walk,1331000
p05,2020-01-24 10:14:40,Walk,1178000
p05,2020-01-24 13:47:10,Walk,3481000
p05,2020-01-25 09:51:47,Run,2827000
p05,2020-01-25 17:34:36,Walk,1331000
p05,2020-01-26 14:08:31,Walk,4557000
p05,2020-01-27 16:48:32,Outdoor Bike,1229000
p05,2020-01-28 07:14:47,Outdoor Bike,1178000
p05,2020-01-29 15:34:26,Outdoor Bike,1075000
p05,2020-01-31 14:25:22,Outdoor Bike,1588000
p05,2020-02-01 12:37:27,Walk,2150000
p05,2020-02-03 11:49:40,Outdoor Bike,2611000
p05,2020-02-04 07:05:56,Walk,1280000
p05,2020-02-04 10:58:03,Outdoor Bike,1997000
p05,2020-02-04 17:11:48,Outdoor Bike,1076000
p05,2020-02-05 07:12:21,Outdoor Bike,1127000
p05,2020-02-05 15:29:00,Outdoor Bike,1228000
p05,2020-02-06 13:44:28,Outdoor Bike,921000
p05,2020-02-07 07:06:22,Outdoor Bike,1178000
p05,2020-02-07 14:58:24,Outdoor Bike,1126000
p05,2020-02-07 18:44:32,Walk,1126000
p05,2020-02-13 05:59:50,Bike,595000
p05,2020-02-13 06:10:01,Weights,636000
p05,2020-02-13 06:20:46,Bike,305000
p05,2020-02-15 09:46:07,Walk,1536000
p05,2020-02-15 10:45:00,Walk,1587000
p05,2020-02-15 15:56:28,Walk,1690000
p05,2020-02-17 07:07:27,Outdoor Bike,1126000
p05,2020-02-17 15:56:31,Outdoor Bike,1126000
p05,2020-02-18 07:07:53,Outdoor Bike,1024000
p05,2020-02-18 14:31:37,Outdoor Bike,1126000
p05,2020-02-19 07:18:33,Outdoor Bike,1126000
p05,2020-02-19 15:14:43,Outdoor Bike,1177000
p05,2020-02-19 19:14:30,Walk,1126000
p05,2020-02-20 04:25:45,Outdoor Bike,973000
p05,2020-03-07 09:38:54,Walk,1485000
p05,2020-03-07 18:16:52,Walk,1229000
p05,2020-03-08 10:33:06,Walk,973000
p05,2020-03-12 09:59:13,Walk,973000
p05,2020-03-12 18:11:36,Walk,1076000
p05,2020-03-13 09:57:06,Walk,2355000
p05,2020-03-16 13:39:25,Walk,4045000
p05,2020-03-17 14:19:06,Walk,5120000
p05,2020-03-18 12:57:36,Walk,7066000
p05,2020-03-21 14:36:10,Walk,973000
p05,2020-03-21 15:16:16,Walk,1127000
p05,2020-03-22 14:36:37,Walk,1587000
p05,2020-03-22 15:24:24,Walk,3379000
p05,2020-03-23 12:19:40,Walk,1433000
p05,2020-03-24 20:29:12,Walk,1229000
p05,2020-03-26 08:13:38,Outdoor Bike,1178000
p05,2020-03-28 11:36:44,Walk,1536000
p05,2020-03-28 12:45:00,Walk,1127000
p05,2020-03-29 13:26:24,Walk,3225000
p06,2019-11-02 08:44:54,Interval Workout,2406000
p06,2019-11-02 11:45:28,Walk,1331000
p06,2019-11-02 23:47:34,Walk,973000
p06,2019-11-03 12:32:25,Walk,1024000
p06,2019-11-04 05:58:54,Outdoor Bike,1280000
p06,2019-11-04 14:15:53,Run,2363000
p06,2019-11-05 05:40:58,Run,2625000
p06,2019-11-05 14:16:16,Outdoor Bike,1126000
p06,2019-11-06 06:46:22,Outdoor Bike,1536000
p06,2019-11-06 14:15:14,Outdoor Bike,1127000
p06,2019-11-07 06:16:23,Outdoor Bike,1281000
p06,2019-11-07 13:59:46,Outdoor Bike,1229000
p06,2019-11-08 06:19:44,Outdoor Bike,1178000
p06,2019-11-08 14:10:47,Outdoor Bike,1434000
p06,2019-11-11 11:30:49,Treadmill,1802000
p06,2019-11-12 12:29:00,Treadmill,1938000
p06,2019-11-13 12:18:45,Treadmill,2119000
p06,2019-11-14 13:34:18,Treadmill,3404000
p06,2019-11-16 13:36:36,Treadmill,2764000
p06,2019-11-17 15:57:19,Treadmill,2158000
p06,2019-11-18 12:42:19,Treadmill,2732000
p06,2019-11-18 18:21:04,Walk,922000
p06,2019-11-20 14:08:52,Run,2408000
p06,2019-11-24 16:20:14,Run,1934000
p06,2019-11-24 19:12:47,Walk,1536000
p06,2019-11-24 22:03:26,Walk,1485000
p06,2019-11-25 06:06:24,Outdoor Bike,1382000
p06,2019-11-25 14:05:01,Outdoor Bike,1075000
p06,2019-11-28 06:03:05,Outdoor Bike,1434000
p06,2019-11-28 14:16:23,Outdoor Bike,1229000
p06,2019-11-30 08:53:06,Treadmill,970000
p06,2019-12-01 13:03:23,Treadmill,1479000
p06,2019-12-04 20:15:20,Treadmill,1825000
p06,2019-12-09 14:16:50,Run,2421000
p06,2019-12-14 16:05:44,Walk,1206000
p06,2019-12-17 07:45:47,Walk,1229000
p06,2019-12-22 10:22:22,Treadmill,1989000
p06,2019-12-22 20:42:49,Walk,973000
p06,2019-12-23 15:07:54,Walk,921000
p06,2019-12-24 10:31:03,Treadmill,2371000
p06,2019-12-29 17:04:49,Treadmill,1803000
p06,2019-12-30 13:00:31,Outdoor Bike,1177000
p06,2020-01-02 06:04:32,Outdoor Bike,1331000
p06,2020-01-02 19:11:06,Treadmill,1822000
p06,2020-01-03 06:09:13,Outdoor Bike,1332000
p06,2020-01-03 14:11:48,Run,2282000
p06,2020-01-05 19:11:27,Treadmill,1808000
p06,2020-01-06 06:06:24,Run,2421000
p06,2020-01-06 14:08:27,Outdoor Bike,1177000
p06,2020-01-07 06:07:36,Outdoor Bike,1382000
p06,2020-01-07 14:09:44,Outdoor Bike,1075000
p06,2020-01-07 19:22:55,Treadmill,2224000
p06,2020-01-08 06:07:10,Outdoor Bike,1280000
p06,2020-01-08 14:14:25,Outdoor Bike,1280000
p06,2020-01-09 06:07:43,Outdoor Bike,1484000
p06,2020-01-09 14:11:33,Outdoor Bike,1075000
p06,2020-01-10 06:04:43,Outdoor Bike,1434000
p06,2020-01-10 14:09:25,Outdoor Bike,1178000
p06,2020-01-13 06:08:38,Outdoor Bike,1536000
p06,2020-01-13 14:12:29,Outdoor Bike,1433000
p06,2020-01-14 15:03:15,Walk,2253000
p06,2020-01-14 20:01:15,Treadmill,1206000
p06,2020-01-15 06:10:22,Outdoor Bike,1536000
p06,2020-01-15 14:09:57,Outdoor Bike,1177000
p06,2020-01-15 19:28:55,Treadmill,1806000
p06,2020-01-16 06:12:31,Outdoor Bike,1485000
p06,2020-01-16 14:13:48,Outdoor Bike,1331000
p06,2020-01-17 06:06:07,Outdoor Bike,1434000
p06,2020-01-17 14:24:28,Outdoor Bike,1178000
p06,2020-01-18 14:02:42,Walk,1076000
p06,2020-01-19 13:33:17,Walk,1331000
p06,2020-01-19 19:38:30,Treadmill,1804000
p06,2020-01-20 06:12:32,Outdoor Bike,1536000
p06,2020-01-20 14:06:08,Outdoor Bike,1331000
p06,2020-01-21 06:05:17,Outdoor Bike,1536000
p06,2020-01-21 14:07:26,Outdoor Bike,1024000
p06,2020-01-21 18:02:57,Walk,1690000
p06,2020-01-21 21:58:28,Walk,1383000
p06,2020-01-22 06:20:14,Outdoor Bike,1331000
p06,2020-01-22 14:07:52,Outdoor Bike,1075000
p06,2020-01-23 06:08:51,Outdoor Bike,1433000
p06,2020-01-23 14:27:12,Outdoor Bike,1126000
p06,2020-01-25 13:10:24,Walk,1485000
p06,2020-01-25 16:51:03,Treadmill,1212000
p06,2020-01-26 14:19:57,Walk,972000
p06,2020-01-26 15:12:00,Walk,1126000
p06,2020-01-27 06:08:51,Outdoor Bike,1229000
p06,2020-01-27 14:17:49,Outdoor Bike,1177000
p06,2020-01-27 19:56:39,Treadmill,1213000
p06,2020-01-28 08:26:10,Run,152000
p06,2020-01-29 06:06:18,Outdoor Bike,1382000
p06,2020-01-29 14:06:43,Outdoor Bike,1075000
p06,2020-01-30 06:13:34,Outdoor Bike,1177000
p06,2020-01-30 14:12:17,Outdoor Bike,1229000
p06,2020-01-30 15:56:10,Run,1070000
p06,2020-01-30 18:24:52,Walk,1332000
p06,2020-01-31 06:02:55,Outdoor Bike,1485000
p06,2020-01-31 14:17:51,Outdoor Bike,1229000
p06,2020-01-31 19:34:14,Treadmill,1495000
p06,2020-02-02 13:48:17,Walk,1024000
p06,2020-02-02 15:03:23,Walk,1229000
p06,2020-02-02 19:43:16,Walk,1127000
p06,2020-02-03 06:07:55,Outdoor Bike,1433000
p06,2020-02-03 14:16:02,Outdoor Bike,1075000
p06,2020-02-03 17:40:11,Run,242000
p06,2020-02-03 17:54:10,Run,259000
p06,2020-02-04 06:05:48,Outdoor Bike,1536000
p06,2020-02-04 14:06:13,Outdoor Bike,1229000
p06,2020-02-05 05:52:11,Run,622000
p06,2020-02-06 06:10:06,Outdoor Bike,1587000
p06,2020-02-06 14:07:07,Outdoor Bike,1280000
p06,2020-02-06 19:41:08,Treadmill,1502000
p06,2020-02-07 06:13:57,Outdoor Bike,1536000
p06,2020-02-07 14:12:40,Outdoor Bike,1178000
p06,2020-02-09 09:04:15,Treadmill,2067000
p06,2020-02-10 06:16:58,Outdoor Bike,1331000
p06,2020-02-10 14:13:59,Outdoor Bike,1178000
p06,2020-02-11 06:15:42,Outdoor Bike,1382000
p06,2020-02-11 14:08:46,Run,1421000
p06,2020-02-11 14:34:03,Walk,1075000
p06,2020-02-13 15:26:09,Walk,1843000
p06,2020-02-17 05:48:13,Run,2467000
p06,2020-02-17 14:12:06,Outdoor Bike,1229000
p06,2020-02-18 06:00:10,Outdoor Bike,1331000
p06,2020-02-18 14:08:14,Outdoor Bike,1126000
p06,2020-02-19 06:10:48,Outdoor Bike,1280000
p06,2020-02-19 13:27:43,Outdoor Bike,1177000
p06,2020-02-20 06:12:56,Outdoor Bike,1383000
p06,2020-02-20 14:11:39,Outdoor Bike,1229000
p06,2020-02-20 18:08:53,Walk,1177000
p06,2020-02-21 06:08:15,Outdoor Bike,1280000
p06,2020-02-21 14:18:16,Run,1586000
p06,2020-02-22 17:47:35,Walk,1024000
p06,2020-02-23 12:41:40,Walk,1331000
p06,2020-02-24 06:20:36,Run,1789000
p06,2020-02-24 16:23:58,Outdoor Bike,1075000
p06,2020-02-25 06:21:05,Outdoor Bike,1229000
p06,2020-02-25 14:18:06,Outdoor Bike,1127000
p06,2020-02-26 06:10:27,Outdoor Bike,1331000
p06,2020-02-26 14:10:59,Run,2345000
p06,2020-02-27 05:45:03,Run,2469000
p06,2020-02-27 14:12:17,Outdoor Bike,1178000
p06,2020-02-29 10:54:19,Walk,1690000
p06,2020-02-29 12:58:54,Walk,1280000
p06,2020-03-02 06:22:58,Outdoor Bike,1536000
p06,2020-03-02 14:20:52,Outdoor Bike,1331000
p06,2020-03-03 06:14:54,Outdoor Bike,1331000
p06,2020-03-03 14:14:29,Outdoor Bike,1177000
p06,2020-03-04 19:37:39,Treadmill,1909000
p06,2020-03-09 05:53:11,Run,456000
p06,2020-03-09 14:17:52,Run,1530000
p06,2020-03-09 14:42:42,Walk,1741000
p06,2020-03-11 13:57:36,Run,1826000
p06,2020-03-13 17:43:46,Walk,972000
p06,2020-03-14 16:47:11,Run,451000
p06,2020-03-18 19:29:48,Run,1641000
p06,2020-03-21 08:18:53,Run,1642000
p06,2020-03-21 15:58:50,Walk,1587000
p06,2020-03-26 19:27:21,Run,1673000
p06,2020-03-28 14:40:55,Walk,1945000
p06,2020-03-30 19:24:34,Run,1705000
p07,2019-11-06 16:29:50,Workout,2351000
p07,2019-11-06 17:41:40,Walk,1383000
p07,2019-11-06 20:16:59,Walk,1178000
p07,2019-11-07 09:04:11,Walk,1741000
p07,2019-11-07 16:08:50,Workout,4604000
p07,2019-11-08 21:18:44,Walk,1229000
p07,2019-11-09 09:21:55,Workout,8575000
p07,2019-11-09 12:07:33,Workout,9025000
p07,2019-11-11 17:53:12,Treadmill,3475000
p07,2019-11-11 18:51:00,Walk,1177000
p07,2019-11-13 08:23:15,Treadmill,3431000
p07,2019-11-14 16:49:17,Treadmill,3012000
p07,2019-11-14 17:40:46,Walk,1654000
p07,2019-11-15 13:27:21,Treadmill,1805000
p07,2019-11-15 14:25:37,Run,154000
p07,2019-11-16 09:39:45,Workout,8117000
p07,2019-11-17 10:04:25,Run,6125000
p07,2019-11-18 11:03:21,Workout,3009000
p07,2019-11-19 18:17:48,Treadmill,1299000
p07,2019-11-20 11:03:12,Walk,1331000
p07,2019-11-20 16:35:05,Treadmill,4080000
p07,2019-11-21 14:26:48,Treadmill,3123000
p07,2019-11-21 16:20:21,Walk,2099000
p07,2019-11-23 10:38:58,Treadmill,2538000
p07,2019-11-24 12:22:18,Run,5107000
p07,2019-11-25 16:41:14,Treadmill,2791000
p07,2019-11-26 15:15:45,Walk,922000
p07,2019-11-26 15:53:00,Treadmill,792000
p07,2019-11-26 16:06:20,Treadmill,2549000
p07,2019-11-27 16:03:14,Treadmill,3635000
p07,2019-11-28 14:24:34,Treadmill,3016000
p07,2019-11-30 15:18:34,Workout,3643000
p07,2019-11-30 17:32:55,Walk,922000
p07,2019-12-01 08:52:02,Walk,1280000
p07,2019-12-01 09:35:57,Treadmill,78000
p07,2019-12-01 09:38:16,Treadmill,6221000
p07,2019-12-01 13:50:45,Outdoor Bike,2919000
p07,2019-12-02 17:13:14,Treadmill,3627000
p07,2019-12-02 19:13:53,Sport,1536000
p07,2019-12-02 19:48:01,Outdoor Bike,1229000
p07,2019-12-03 17:26:26,Treadmill,2252000
p07,2019-12-04 09:13:53,Treadmill,3090000
p07,2019-12-05 08:17:33,Treadmill,3373000
p07,2019-12-06 08:07:13,Treadmill,4089000
p07,2019-12-07 14:05:12,Treadmill,5316000
p07,2019-12-08 10:42:31,Run,8900000
p07,2019-12-09 09:30:16,Walk,1485000
p07,2019-12-09 14:05:17,Workout,5196000
p07,2019-12-09 16:25:01,Walk,1792000
p07,2019-12-10 16:29:12,Treadmill,3021000
p07,2019-12-11 10:12:19,Treadmill,3456000
p07,2019-12-12 13:34:24,Treadmill,2829000
p07,2019-12-12 17:25:57,Hike,4266000
p07,2019-12-13 14:06:55,Hike,5427000
p07,2019-12-13 16:19:29,Hike,5018000
p07,2019-12-14 10:31:54,Treadmill,3801000
p07,2019-12-15 09:17:29,Hike,633000
p07,2019-12-15 09:28:14,Hike,5263000
p07,2019-12-15 16:35:47,Treadmill,971000
p07,2019-12-16 14:22:12,Treadmill,3951000
p07,2019-12-17 16:29:22,Walk,3379000
p07,2019-12-17 18:27:16,Treadmill,2040000
p07,2019-12-18 09:47:02,Walk,1741000
p07,2019-12-18 13:04:27,Treadmill,3436000
p07,2019-12-19 10:15:37,Sport,973000
p07,2019-12-19 13:54:36,Treadmill,2436000
p07,2019-12-20 10:40:32,Treadmill,2731000
p07,2019-12-21 09:49:39,Treadmill,2974000
p07,2019-12-23 09:18:36,Hike,9244000
p07,2019-12-24 13:33:29,Run,4290000
p07,2019-12-25 09:13:19,Walk,8791000
p07,2019-12-26 08:31:05,Hike,12990000
p07,2019-12-27 13:39:43,Walk,2150000
p07,2019-12-27 15:13:10,Treadmill,3113000
p07,2019-12-28 11:13:28,Treadmill,2821000
p07,2019-12-29 11:24:49,Treadmill,1334000
p07,2019-12-30 10:38:25,Treadmill,4334000
p07,2019-12-31 11:58:11,Treadmill,3141000
p07,2020-01-01 17:22:03,Treadmill,2507000
p07,2020-01-02 11:29:47,Treadmill,2677000
p07,2020-01-04 10:12:31,Walk,1229000
p07,2020-01-04 13:53:54,Run,32777000
p07,2020-01-08 12:58:06,Treadmill,1478000
p07,2020-01-09 12:13:57,Treadmill,1621000
p07,2020-01-11 09:02:57,Sport,922000
p07,2020-01-13 15:56:00,Sport,4966000
p07,2020-01-14 13:26:42,Treadmill,2541000
p07,2020-01-15 10:39:25,Sport,3277000
p07,2020-01-15 12:03:03,Sport,3686000
p07,2020-01-16 14:51:53,Treadmill,887000
p07,2020-01-16 15:13:23,Treadmill,2339000
p07,2020-01-16 17:54:12,Walk,1228000
p07,2020-01-17 09:45:56,Treadmill,3577000
p07,2020-01-18 15:43:55,Treadmill,2822000
p07,2020-01-18 17:38:08,Walk,922000
p07,2020-01-20 17:01:14,Treadmill,2319000
p07,2020-01-21 15:14:54,Treadmill,165000
p07,2020-01-21 15:17:48,Treadmill,11422000
p07,2020-01-22 15:36:10,Walk,921000
p07,2020-01-22 16:10:14,Treadmill,2379000
p07,2020-01-23 08:35:03,Sport,2048000
p07,2020-01-23 10:51:34,Sport,3380000
p07,2020-01-23 19:01:13,Treadmill,2329000
p07,2020-01-23 20:07:57,Walk,973000
p07,2020-01-24 10:50:19,Swim,3226000
p07,2020-01-24 22:42:00,Walk,1025000
p07,2020-01-25 10:16:13,Hike,8014000
p07,2020-01-25 14:59:38,Treadmill,1051000
p07,2020-01-26 10:29:51,Sport,6400000
p07,2020-01-27 16:27:13,Treadmill,3478000
p07,2020-01-28 14:06:25,Treadmill,4113000
p07,2020-01-29 16:48:05,Treadmill,2723000
p07,2020-01-30 09:21:14,Treadmill,2792000
p07,2020-01-31 13:13:25,Treadmill,6590000
p07,2020-02-01 14:30:29,Treadmill,3889000
p07,2020-02-01 21:50:10,Walk,973000
p07,2020-02-02 18:58:06,Treadmill,2704000
p07,2020-02-03 16:44:45,Treadmill,1406000
p07,2020-02-04 15:43:10,Treadmill,3714000
p07,2020-02-05 16:45:26,Treadmill,1673000
p07,2020-02-06 10:29:56,Sport,922000
p07,2020-02-07 13:35:57,Treadmill,5187000
p07,2020-02-08 11:41:35,Treadmill,3733000
p07,2020-02-09 11:27:26,Hike,21282000
p07,2020-02-10 16:26:28,Treadmill,3747000
p07,2020-02-11 19:15:31,Treadmill,2763000
p07,2020-02-12 08:31:03,Treadmill,3542000
p07,2020-02-13 12:18:54,Hike,4385000
p07,2020-02-13 16:02:44,Treadmill,2842000
p07,2020-02-14 14:09:47,Treadmill,2072000
p07,2020-02-15 10:04:49,Hike,10479000
p07,2020-02-16 10:04:37,Hike,4980000
p07,2020-02-17 14:00:56,Treadmill,2896000
p07,2020-02-18 15:45:24,Treadmill,3694000
p07,2020-02-19 09:16:00,Sport,6298000
p07,2020-02-19 11:33:23,Sport,1587000
p07,2020-02-20 08:41:04,Treadmill,3548000
p07,2020-02-20 10:03:22,Walk,973000
p07,2020-02-21 13:27:45,Interval Workout,74000
p07,2020-02-21 13:29:34,Workout,3927000
p07,2020-02-22 09:23:14,Treadmill,2700000
p07,2020-02-23 08:34:12,Walk,973000
p07,2020-02-23 17:18:07,Treadmill,3735000
p07,2020-02-24 13:48:11,Treadmill,3032000
p07,2020-02-25 12:08:46,Treadmill,2808000
p07,2020-02-26 05:21:24,Treadmill,4035000
p07,2020-02-27 14:17:11,Treadmill,2693000
p07,2020-02-28 11:01:25,Walk,973000
p07,2020-02-28 13:36:31,Treadmill,4017000
p07,2020-02-29 10:11:37,Sport,922000
p07,2020-02-29 11:08:24,Workout,1162000
p07,2020-02-29 13:05:42,Sport,2407000
p07,2020-03-01 11:33:58,Walk,4403000
p07,2020-03-03 12:49:54,Walk,1024000
p07,2020-03-04 09:30:59,Hike,6601000
p07,2020-03-05 08:04:42,Treadmill,2013000
p07,2020-03-07 19:17:20,Walk,1536000
p07,2020-03-08 11:08:49,Hike,92000
p07,2020-03-08 11:10:38,Hike,16538000
p07,2020-03-11 15:49:43,Treadmill,3446000
p07,2020-03-12 12:04:37,Treadmill,3169000
p07,2020-03-13 12:24:28,Sport,3174000
p07,2020-03-14 09:44:56,Run,3271000
p07,2020-03-16 17:32:53,Run,3810000
p07,2020-03-17 16:41:59,Run,677000
p07,2020-03-17 17:01:49,Run,4024000
p07,2020-03-18 17:40:04,Run,1385000
p07,2020-03-18 18:03:19,Run,2824000
p07,2020-03-19 09:04:56,Sport,3840000
p07,2020-03-20 12:21:21,Run,2481000
p07,2020-03-21 10:08:42,Run,4229000
p07,2020-03-23 18:00:44,Run,4359000
p07,2020-03-24 15:52:04,Run,5000000
p07,2020-03-24 17:16:06,Run,9112000
p07,2020-03-26 15:51:47,Run,3371000
p07,2020-03-30 17:22:12,Walk,1587000
p08,2019-11-11 14:47:47,Treadmill,3842000
p08,2019-11-11 16:01:46,Walk,1280000
p08,2019-11-12 06:48:01,Run,913000
p08,2019-11-12 07:09:01,Treadmill,2462000
p08,2019-11-12 15:11:07,Walk,1177000
p08,2019-11-12 17:46:42,Run,3903000
p08,2019-11-13 15:11:44,Walk,1639000
p08,2019-11-14 12:32:48,Walk,1228000
p08,2019-11-14 18:53:51,Treadmill,3800000
p08,2019-11-15 07:20:10,Walk,1383000
p08,2019-11-15 13:29:07,Weights,5723000
p08,2019-11-15 15:14:39,Walk,1280000
p08,2019-11-16 11:20:36,Walk,1536000
p08,2019-11-16 12:01:45,Treadmill,4246000
p08,2019-11-16 13:46:31,Walk,1741000
p08,2019-11-17 10:11:29,Run,6299000
p08,2019-11-18 17:43:23,Run,3032000
p08,2019-11-19 08:19:45,Walk,1332000
p08,2019-11-19 17:44:27,Treadmill,3115000
p08,2019-11-20 07:12:58,Walk,1485000
p08,2019-11-20 17:13:49,Run,763000
p08,2019-11-20 17:53:46,Treadmill,110000
p08,2019-11-20 17:58:18,Aerobic Workout,2611000
p08,2019-11-20 19:40:17,Run,654000
p08,2019-11-21 17:24:18,Run,751000
p08,2019-11-21 18:22:49,Run,2714000
p08,2019-11-22 13:25:42,Treadmill,4000
p08,2019-11-22 13:25:59,Weights,4554000
p08,2019-11-22 14:46:34,Walk,1740000
p08,2019-11-23 10:42:13,Walk,1639000
p08,2019-11-23 14:10:20,Run,742000
p08,2019-11-23 14:36:26,Treadmill,3370000
p08,2019-11-23 15:39:09,Run,744000
p08,2019-11-24 18:22:42,Run,4762000
p08,2019-11-25 14:58:21,Walk,1331000
p08,2019-11-25 17:25:08,Run,3569000
p08,2019-11-26 17:43:22,Treadmill,4256000
p08,2019-11-27 14:59:02,Walk,1946000
p08,2019-11-27 16:54:48,Run,560000
p08,2019-11-27 18:30:03,Run,470000
p08,2019-11-28 07:08:28,Walk,1433000
p08,2019-11-28 18:03:39,Treadmill,4589000
p08,2019-11-28 19:30:54,Walk,973000
p08,2019-11-28 21:01:22,Walk,1484000
p08,2019-11-29 13:49:47,Weights,2630000
p08,2019-11-29 14:39:34,Walk,1331000
p08,2019-11-29 23:24:23,Walk,1638000
p08,2019-11-30 13:16:25,Walk,1946000
p08,2019-11-30 14:20:25,Walk,1178000
p08,2019-11-30 15:50:37,Run,761000
p08,2019-11-30 16:19:57,Treadmill,3636000
p08,2019-11-30 17:53:40,Run,955000
p08,2019-12-01 09:37:30,Treadmill,6617000
p08,2019-12-01 12:03:19,Run,911000
p08,2019-12-01 16:00:45,Walk,1485000
p08,2019-12-01 19:06:49,Walk,1331000
p08,2019-12-02 06:57:39,Walk,1587000
p08,2019-12-02 15:13:26,Walk,1638000
p08,2019-12-02 18:40:00,Run,749000
p08,2019-12-02 19:06:29,Treadmill,3364000
p08,2019-12-03 07:27:07,Walk,1639000
p08,2019-12-03 14:37:12,Walk,1229000
p08,2019-12-03 17:58:14,Treadmill,3133000
p08,2019-12-04 06:37:19,Walk,1690000
p08,2019-12-04 18:31:36,Run,785000
p08,2019-12-04 19:01:32,Treadmill,294000
p08,2019-12-04 19:18:31,Aerobic Workout,1076000
p08,2019-12-04 19:40:43,Elliptical,1741000
p08,2019-12-04 20:27:17,Run,705000
p08,2019-12-05 17:30:36,Walk,1536000
p08,2019-12-05 18:08:35,Treadmill,1263000
p08,2019-12-06 10:03:54,Walk,1126000
p08,2019-12-06 13:48:58,Weights,3869000
p08,2019-12-06 15:00:00,Walk,1434000
p08,2019-12-07 08:04:01,Aerobic Workout,1537000
p08,2019-12-07 09:08:02,Sport,1331000
p08,2019-12-07 13:52:12,Aerobic Workout,1382000
p08,2019-12-08 10:56:52,Run,7752000
p08,2019-12-08 21:04:23,Run,831000
p08,2019-12-09 17:16:12,Run,1536000
p08,2019-12-10 16:39:00,Treadmill,4456000
p08,2019-12-11 18:18:13,Treadmill,3895000
p08,2019-12-11 19:33:15,Weights,3634000
p08,2019-12-12 08:41:42,Treadmill,2375000
p08,2019-12-17 17:53:56,Treadmill,3964000
p08,2019-12-18 14:03:41,Treadmill,3071000
p08,2019-12-19 11:54:20,Walk,921000
p08,2019-12-19 14:28:47,Sport,6503000
p08,2019-12-19 16:46:11,Sport,922000
p08,2019-12-20 13:41:27,Walk,973000
p08,2019-12-21 07:40:00,Run,4469000
p08,2019-12-21 11:11:46,Walk,1383000
p08,2019-12-21 11:54:27,Sport,5324000
p08,2019-12-22 02:00:59,Walk,973000
p08,2019-12-22 20:04:27,Run,2658000
p08,2019-12-23 12:12:19,Treadmill,4908000
p08,2019-12-24 09:34:14,Swim,922000
p08,2019-12-26 14:12:42,Treadmill,2200000
p08,2019-12-27 12:54:05,Walk,1024000
p08,2019-12-27 15:53:16,Run,3087000
p08,2019-12-29 19:07:32,Treadmill,3910000
p08,2019-12-30 15:12:48,Treadmill,4000
p08,2019-12-30 15:12:59,Run,3369000
p08,2019-12-31 11:57:23,Treadmill,1906000
p08,2019-12-31 12:24:33,Walk,1331000
p08,2020-01-01 02:11:29,Aerobic Workout,3687000
p08,2020-01-01 03:52:11,Walk,3380000
p08,2020-01-01 19:08:53,Run,2494000
p08,2020-01-02 17:49:03,Run,2786000
p08,2020-01-02 18:36:47,Walk,1280000
p08,2020-01-03 08:45:57,Walk,1126000
p08,2020-01-04 13:53:53,Run,5719000
p08,2020-01-05 18:21:18,Run,723000
p08,2020-01-05 18:45:20,Treadmill,4290000
p08,2020-01-06 18:40:59,Run,765000
p08,2020-01-06 19:16:03,Treadmill,3016000
p08,2020-01-07 18:46:39,Run,3872000
p08,2020-01-08 19:14:41,Weights,5329000
p08,2020-01-09 17:00:10,Treadmill,3690000
p08,2020-01-10 07:03:26,Run,3235000
p08,2020-01-10 15:09:00,Treadmill,4355000
p08,2020-01-11 14:12:18,Weights,3354000
p08,2020-01-18 13:33:28,Aerobic Workout,3789000
p08,2020-01-19 07:17:38,Walk,1331000
p08,2020-01-19 09:23:56,Walk,1485000
p08,2020-01-19 13:51:02,Walk,1383000
p08,2020-01-21 16:33:35,Run,753000
p08,2020-01-21 17:02:07,Treadmill,10144000
p08,2020-01-23 07:34:53,Walk,1485000
p08,2020-01-23 13:50:23,Walk,1126000
p08,2020-01-23 18:49:16,Run,756000
p08,2020-01-26 11:52:23,Aerobic Workout,3328000
p08,2020-01-26 12:48:43,Elliptical,1024000
p08,2020-01-27 20:58:10,Sport,1382000
p08,2020-01-29 11:09:25,Sport,4353000
p08,2020-01-29 14:38:30,Sport,1178000
p08,2020-01-31 16:55:07,Run,3669000
p08,2020-02-01 10:42:51,Run,685000
p08,2020-02-01 11:45:14,Treadmill,3890000
p08,2020-02-01 13:14:21,Run,646000
p08,2020-02-02 18:06:53,Run,1417000
p08,2020-02-02 18:57:10,Treadmill,2829000
p08,2020-02-02 19:53:00,Run,595000
p08,2020-02-03 14:58:56,Walk,1741000
p08,2020-02-03 18:54:26,Treadmill,5359000
p08,2020-02-04 18:23:10,Run,895000
p08,2020-02-04 18:48:45,Treadmill,807000
p08,2020-02-04 19:02:21,Treadmill,4109000
p08,2020-02-04 20:26:31,Run,673000
p08,2020-02-05 18:38:31,Sport,1280000
p08,2020-02-06 07:08:38,Walk,1332000
p08,2020-02-06 14:41:56,Walk,1280000
p08,2020-02-06 17:32:37,Run,801000
p08,2020-02-06 18:13:58,Treadmill,4139000
p08,2020-02-07 07:02:31,Walk,1537000
p08,2020-02-07 13:23:09,Walk,973000
p08,2020-02-07 16:33:11,Run,5260000
p08,2020-02-07 18:01:22,Walk,921000
p08,2020-02-07 18:37:12,Walk,922000
p08,2020-02-08 13:47:49,Run,392000
p08,2020-02-08 14:08:04,Sport,5376000
p08,2020-02-08 15:46:49,Run,1086000
p08,2020-02-08 17:13:30,Run,870000
p08,2020-02-09 09:37:34,Run,659000
p08,2020-02-09 10:37:56,Treadmill,246000
p08,2020-02-09 10:44:31,Treadmill,8312000
p08,2020-02-09 13:13:10,Treadmill,2731000
p08,2020-02-09 14:15:33,Walk,1792000
p08,2020-02-10 14:03:39,Treadmill,3827000
p08,2020-02-11 15:01:01,Walk,1178000
p08,2020-02-11 17:46:17,Run,760000
p08,2020-02-11 18:11:04,Treadmill,2193000
p08,2020-02-11 19:45:36,Run,603000
p08,2020-02-12 18:19:57,Run,657000
p08,2020-02-12 19:20:08,Treadmill,4293000
p08,2020-02-12 21:01:39,Run,505000
p08,2020-02-13 14:49:57,Run,2530000
p08,2020-02-14 06:50:30,Walk,1280000
p08,2020-02-14 14:13:51,Treadmill,3392000
p08,2020-02-14 15:33:39,Walk,1280000
p08,2020-02-15 10:47:14,Run,1426000
p08,2020-02-15 12:30:01,Run,3168000
p08,2020-02-16 10:53:42,Run,426000
p08,2020-02-16 12:34:50,Aerobic Workout,7629000
p08,2020-02-17 18:33:32,Treadmill,9635000
p08,2020-02-18 16:36:33,Run,4939000
p08,2020-02-18 18:05:15,Run,756000
p08,2020-02-20 13:18:41,Treadmill,6034000
p08,2020-02-20 17:40:29,Run,231000
p08,2020-02-21 07:03:57,Walk,1485000
p08,2020-02-21 12:44:16,Treadmill,3029000
p08,2020-02-21 13:54:25,Treadmill,2662000
p08,2020-02-21 15:16:09,Run,1101000
p08,2020-02-21 18:59:10,Walk,2867000
p08,2020-02-23 11:46:46,Run,912000
p08,2020-02-23 12:12:59,Treadmill,8190000
p08,2020-02-23 14:48:56,Run,989000
p08,2020-02-23 20:22:57,Walk,4967000
p08,2020-02-24 18:59:01,Treadmill,3411000
p08,2020-02-25 07:47:11,Walk,1331000
p08,2020-02-25 13:07:28,Treadmill,4228000
p08,2020-02-25 15:01:34,Walk,1229000
p08,2020-02-25 18:36:56,Run,3488000
p08,2020-02-26 15:08:57,Walk,1331000
p08,2020-02-26 16:11:00,Treadmill,3694000
p08,2020-02-27 18:57:00,Treadmill,8192000
p08,2020-02-28 13:13:56,Walk,973000
p08,2020-02-28 13:31:11,Weights,2209000
p08,2020-02-28 14:14:32,Walk,1127000
p08,2020-02-28 17:07:38,Run,5558000
p08,2020-02-29 12:11:19,Aerobic Workout,4404000
p08,2020-03-01 12:30:36,Sport,2895000
p08,2020-03-01 13:52:59,Swim,6196000
p08,2020-03-02 19:10:28,Treadmill,2837000
p08,2020-03-03 18:17:10,Run,755000
p08,2020-03-03 18:53:54,Treadmill,3070000
p08,2020-03-03 20:04:32,Run,576000
p08,2020-03-04 19:45:17,Treadmill,4177000
p08,2020-03-05 07:23:29,Walk,1332000
p08,2020-03-05 15:07:45,Treadmill,2504000
p08,2020-03-05 16:27:32,Run,863000
p08,2020-03-06 06:22:38,Walk,1485000
p08,2020-03-06 11:35:18,Elliptical,1025000
p08,2020-03-06 15:17:13,Run,1307000
p08,2020-03-07 10:46:23,Aerobic Workout,6094000
p08,2020-03-08 11:10:20,Workout,14043000
p08,2020-03-08 15:04:30,Treadmill,4232000
p08,2020-03-09 14:10:49,Elliptical,921000
p08,2020-03-09 19:10:23,Walk,1485000
p08,2020-03-10 15:18:59,Treadmill,3674000
p08,2020-03-10 16:28:01,Walk,1639000
p08,2020-03-11 20:14:48,Walk,1332000
p08,2020-03-12 07:46:06,Walk,1280000
p08,2020-03-12 10:18:11,Run,313000
p08,2020-03-12 12:24:19,Walk,1178000
p08,2020-03-12 15:26:10,Run,2593000
p08,2020-03-13 16:14:42,Treadmill,3741000
p08,2020-03-14 10:15:03,Swim,5939000
p08,2020-03-14 13:05:18,Sport,1280000
p08,2020-03-15 13:40:47,Run,4447000
p08,2020-03-15 18:46:26,Walk,2304000
p08,2020-03-16 15:20:41,Treadmill,3437000
p08,2020-03-17 18:35:55,Run,6084000
p08,2020-03-18 19:20:28,Run,3600000
p08,2020-03-19 17:18:21,Run,6238000
p08,2020-03-20 15:46:42,Treadmill,3869000
p08,2020-03-21 12:48:59,Sport,7321000
p08,2020-03-21 19:26:45,Run,3393000
p08,2020-03-22 11:15:06,Run,4819000
p08,2020-03-23 19:01:37,Walk,2509000
p08,2020-03-24 14:17:03,Treadmill,6070000
p08,2020-03-25 08:50:04,Spinning,10532000
p08,2020-03-25 15:20:14,Treadmill,3310000
p08,2020-03-26 17:33:50,Run,3933000
p08,2020-03-27 08:41:04,Spinning,3761000
p08,2020-03-27 14:09:48,Treadmill,3124000
p08,2020-03-28 13:01:53,Run,6575000
p08,2020-03-29 12:56:24,Spinning,6407000
p08,2020-03-30 17:10:05,Run,7722000
p08,2020-03-31 13:10:36,Spinning,6398000
p08,2020-03-31 18:09:46,Walk,1331000
p09,2019-11-03 00:17:30,Walk,5260000
p09,2019-11-13 12:27:02,Walk,973000
p09,2019-11-15 18:56:18,Walk,1024000
p09,2019-11-15 22:40:45,Walk,922000
p09,2019-11-23 00:08:46,Walk,1895000
p09,2019-11-29 19:22:23,Walk,1946000
p09,2019-12-01 02:21:03,Walk,1229000
p09,2019-12-02 13:52:52,Walk,1024000
p09,2019-12-03 07:37:13,Run,2377000
p09,2019-12-15 12:11:46,Walk,1127000
p09,2019-12-15 17:04:28,Walk,1177000
p09,2019-12-16 18:53:16,Walk,1024000
p09,2019-12-18 19:40:13,Walk,1024000
p09,2019-12-21 17:53:15,Walk,1075000
p09,2019-12-21 19:36:31,Walk,973000
p09,2019-12-22 01:00:47,Walk,1024000
p09,2019-12-23 14:14:48,Walk,2048000
p09,2019-12-23 15:45:15,Walk,3021000
p09,2019-12-31 13:38:15,Walk,1383000
p09,2020-01-05 15:50:46,Walk,1741000
p09,2020-01-07 08:16:18,Run,2594000
p09,2020-01-08 15:23:53,Walk,1178000
p09,2020-01-08 19:20:16,Walk,922000
p09,2020-01-11 15:02:17,Walk,972000
p09,2020-01-18 23:44:09,Walk,1536000
p09,2020-01-19 00:30:14,Walk,3123000
p09,2020-01-19 01:35:05,Aerobic Workout,922000
p09,2020-01-19 02:08:22,Walk,1177000
p09,2020-01-19 11:49:29,Walk,6144000
p09,2020-01-19 14:05:10,Walk,4710000
p09,2020-01-22 16:52:57,Walk,1127000
p09,2020-01-23 18:30:37,Walk,1024000
p09,2020-01-26 16:45:19,Walk,1075000
p09,2020-01-26 20:01:34,Walk,3738000
p09,2020-02-01 12:18:18,Walk,1894000
p09,2020-02-01 18:14:59,Walk,1332000
p09,2020-02-01 21:06:31,Walk,1024000
p09,2020-02-01 23:06:50,Walk,1638000
p09,2020-02-02 00:27:54,Aerobic Workout,1741000
p09,2020-02-20 14:33:22,Walk,1024000
p09,2020-02-22 20:17:17,Walk,1536000
p09,2020-02-22 23:15:37,Walk,1639000
p09,2020-02-23 00:54:37,Walk,921000
p09,2020-02-23 13:24:44,Walk,1997000
p09,2020-03-04 18:35:13,Walk,1536000
p09,2020-03-07 22:25:12,Aerobic Workout,2202000
p09,2020-03-07 23:47:59,Aerobic Workout,2099000
p09,2020-03-08 02:46:20,Walk,921000
p09,2020-03-08 16:33:13,Walk,1126000
p09,2020-03-10 11:31:09,Walk,972000
p09,2020-03-13 15:20:14,Walk,922000
p09,2020-03-15 23:45:31,Walk,1741000
p09,2020-03-20 15:57:34,Walk,8243000
p09,2020-03-26 14:27:10,Walk,2611000
p10,2019-11-07 19:01:53,Treadmill,1838000
p10,2019-11-07 20:03:49,Walk,1127000
p10,2019-11-08 07:47:56,Walk,1075000
p10,2019-11-09 13:17:55,Walk,1741000
p10,2019-11-09 13:46:46,Treadmill,437000
p10,2019-11-10 13:15:46,Run,1606000
p10,2019-11-10 19:17:44,Walk,1536000
p10,2019-11-11 17:34:08,Walk,1076000
p10,2019-11-12 16:59:24,Treadmill,720000
p10,2019-11-13 07:37:51,Walk,1126000
p10,2019-11-13 21:23:04,Walk,1332000
p10,2019-11-15 16:29:44,Walk,1178000
p10,2019-11-16 14:11:18,Walk,2765000
p10,2019-11-17 20:29:04,Aerobic Workout,1076000
p10,2019-11-18 17:21:55,Walk,1537000
p10,2019-11-19 07:27:40,Walk,1434000
p10,2019-11-19 17:09:29,Treadmill,334000
p10,2019-11-22 06:40:55,Walk,1126000
p10,2019-11-22 10:14:16,Walk,1024000
p10,2019-11-22 17:52:34,Walk,1690000
p10,2019-11-23 11:31:28,Treadmill,1058000
p10,2019-11-24 13:57:26,Walk,1690000
p10,2019-11-25 17:15:17,Walk,1792000
p10,2019-11-26 07:03:08,Walk,1178000
p10,2019-11-26 17:09:18,Treadmill,352000
p10,2019-11-28 07:51:19,Walk,1126000
p10,2019-11-28 14:39:16,Walk,1127000
p10,2019-11-29 07:34:02,Walk,1536000
p10,2019-11-29 21:20:10,Walk,1639000
p10,2019-12-02 07:19:39,Walk,1178000
p10,2019-12-03 16:55:45,Treadmill,737000
p10,2019-12-03 18:13:12,Walk,1075000
p10,2019-12-04 07:00:26,Walk,1280000
p10,2019-12-04 19:47:43,Walk,1536000
p10,2019-12-05 19:05:39,Walk,2202000
p10,2019-12-07 14:21:59,Walk,1639000
p10,2019-12-08 12:42:43,Walk,1332000
p10,2019-12-08 13:37:42,Treadmill,1818000
p10,2019-12-08 15:35:58,Walk,1126000
p10,2019-12-10 16:47:42,Treadmill,2422000
p10,2019-12-13 09:35:02,Walk,1024000
p10,2019-12-13 10:39:02,Walk,4762000
p10,2019-12-13 14:12:24,Walk,2969000
p10,2019-12-14 10:50:43,Walk,1588000
p10,2019-12-14 12:38:15,Walk,4045000
p10,2019-12-14 17:30:58,Walk,973000
p10,2019-12-15 15:12:33,Walk,1024000
p10,2019-12-17 11:13:53,Walk,1793000
p10,2019-12-19 07:41:43,Walk,1331000
p10,2019-12-19 11:40:40,Walk,1997000
p10,2019-12-19 16:11:11,Walk,1127000
p10,2019-12-20 16:37:24,Walk,1792000
p10,2019-12-21 11:05:10,Walk,1946000
p10,2019-12-22 11:32:13,Walk,1639000
p10,2019-12-22 14:09:15,Walk,3021000
p10,2019-12-24 10:53:15,Walk,2918000
p10,2019-12-28 10:08:33,Outdoor Bike,1997000
p10,2019-12-30 12:24:33,Walk,1331000
p10,2019-12-31 11:31:23,Swim,3687000
p10,2020-01-02 12:24:41,Walk,2253000
p10,2020-01-03 17:14:36,Treadmill,1796000
p10,2020-01-03 18:23:42,Walk,1127000
p10,2020-01-04 12:50:32,Walk,5735000
p10,2020-01-04 15:25:01,Walk,2048000
p10,2020-01-06 18:49:38,Treadmill,1806000
p10,2020-01-07 14:53:25,Walk,1741000
p10,2020-01-08 20:02:06,Walk,1127000
p10,2020-01-10 06:46:07,Walk,1076000
p10,2020-01-11 10:31:11,Walk,1895000
p10,2020-01-11 12:02:31,Walk,1382000
p10,2020-01-11 13:27:00,Walk,922000
p10,2020-01-12 10:11:16,Walk,1178000
p10,2020-01-12 12:04:46,Walk,1537000
p10,2020-01-13 07:28:52,Walk,1229000
p10,2020-01-13 19:06:41,Treadmill,1321000
p10,2020-01-14 08:29:19,Walk,1229000
p10,2020-01-14 21:02:54,Walk,1383000
p10,2020-01-16 18:59:28,Treadmill,1255000
p10,2020-01-16 19:50:34,Walk,1229000
p10,2020-01-17 19:16:07,Walk,1229000
p10,2020-01-18 16:21:50,Walk,1331000
p10,2020-01-20 10:47:33,Walk,2765000
p10,2020-01-20 21:54:53,Walk,1895000
p10,2020-01-21 07:49:50,Walk,1177000
p10,2020-01-21 14:37:26,Treadmill,534000
p10,2020-01-21 16:09:03,Walk,1229000
p10,2020-01-21 18:39:15,Walk,1178000
p10,2020-01-22 16:06:12,Walk,1997000
p10,2020-01-22 19:37:00,Walk,1588000
p10,2020-01-23 07:49:14,Walk,2253000
p10,2020-01-23 15:48:50,Walk,1075000
p10,2020-01-24 12:19:26,Walk,1742000
p10,2020-01-25 13:06:04,Walk,5786000
p10,2020-01-26 10:43:16,Walk,2560000
p10,2020-01-26 13:52:43,Walk,4506000
p10,2020-01-29 12:03:28,Walk,1383000
p10,2020-01-30 16:06:28,Walk,3943000
p10,2020-01-30 20:42:08,Walk,1024000
p10,2020-01-31 07:40:07,Walk,1229000
p10,2020-01-31 16:26:42,Walk,1434000
p10,2020-02-01 13:24:38,Walk,10088000
p10,2020-02-02 12:53:36,Walk,2356000
p10,2020-02-02 13:58:28,Walk,1587000
p10,2020-02-02 15:48:33,Walk,1792000
p10,2020-02-03 18:44:06,Walk,1228000
p10,2020-02-04 15:41:10,Walk,1127000
p10,2020-02-05 07:44:38,Walk,1076000
p10,2020-02-05 21:21:21,Walk,1690000
p10,2020-02-07 15:40:18,Walk,1229000
p10,2020-02-09 10:50:32,Walk,921000
p10,2020-02-09 16:12:38,Treadmill,4830000
p10,2020-02-10 14:23:36,Walk,1075000
p10,2020-02-12 08:37:24,Walk,3635000
p10,2020-02-12 18:39:20,Run,7636000
p10,2020-02-13 07:07:31,Walk,1280000
p10,2020-02-13 16:37:35,Walk,1895000
p10,2020-02-14 11:35:12,Walk,2151000
p10,2020-02-15 10:30:54,Walk,1997000
p10,2020-02-15 11:25:31,Walk,973000
p10,2020-02-15 14:30:44,Walk,3840000
p10,2020-02-15 17:35:55,Walk,1024000
p10,2020-02-16 16:14:32,Walk,3789000
p10,2020-02-17 07:31:05,Walk,1331000
p10,2020-02-17 20:20:53,Walk,2356000
p10,2020-02-18 07:59:05,Walk,1331000
p10,2020-02-18 13:36:10,Walk,1843000
p10,2020-02-18 15:52:08,Treadmill,1153000
p10,2020-02-19 08:09:00,Walk,2048000
p10,2020-02-19 17:48:28,Elliptical,2100000
p10,2020-02-19 18:59:19,Walk,1177000
p10,2020-02-20 14:41:08,Run,1980000
p10,2020-02-21 14:50:22,Walk,1689000
p10,2020-02-21 18:18:35,Walk,2356000
p10,2020-02-21 19:19:11,Walk,2151000
p10,2020-02-22 11:11:35,Walk,2663000
p10,2020-02-22 13:18:45,Walk,3277000
p10,2020-02-22 16:00:02,Run,973000
p10,2020-02-23 22:18:41,Walk,922000
p10,2020-02-25 14:33:50,Walk,1024000
p10,2020-02-25 20:35:40,Walk,973000
p11,2019-11-15 10:55:24,Walk,1332000
p11,2019-11-15 13:39:16,Walk,717000
p11,2019-11-16 22:11:54,Walk,717000
p11,2019-11-16 23:15:03,Dancing,1485000
p11,2019-11-18 15:26:15,Treadmill,2638000
p11,2019-11-19 08:14:18,Walk,1024000
p11,2019-11-19 08:55:25,Workout,3064000
p11,2019-11-19 09:59:16,Walk,1382000
p11,2019-11-20 08:30:00,Aerobic Workout,5400000
p11,2019-11-22 11:51:14,Walk,1690000
p11,2019-11-24 16:09:00,Treadmill,3836000
p11,2019-11-25 12:05:54,Walk,1536000
p11,2019-11-26 10:51:23,Walk,1690000
p11,2019-11-26 17:43:07,Treadmill,386000
p11,2019-11-26 17:59:28,Weights,2466000
p11,2019-11-26 19:10:44,Walk,1587000
p11,2019-11-27 09:18:19,Walk,1229000
p11,2019-11-27 16:50:38,Walk,1229000
p11,2019-11-28 06:52:58,Walk,973000
p11,2019-11-28 07:16:17,Treadmill,2043000
p11,2019-11-28 10:29:45,Walk,1485000
p11,2019-11-29 15:14:32,Walk,1690000
p11,2019-11-30 13:29:16,Walk,973000
p11,2019-12-02 07:46:23,Walk,1024000
p11,2019-12-02 08:09:21,Treadmill,1890000
p11,2019-12-02 08:40:09,Walk,1741000
p11,2019-12-03 17:05:02,Walk,973000
p11,2019-12-03 17:24:32,Treadmill,1401000
p11,2019-12-03 17:48:33,Walk,2407000
p11,2019-12-04 12:50:35,Treadmill,1969000
p11,2019-12-04 13:25:27,Walk,2100000
p11,2019-12-07 12:41:59,Walk,2406000
p11,2019-12-08 17:03:39,Walk,1024000
p11,2019-12-09 17:20:00,Weights,2736000
p11,2019-12-14 11:06:44,Walk,4147000
p11,2019-12-14 23:46:17,Aerobic Workout,1639000
p11,2019-12-15 17:48:31,Walk,1024000
p11,2019-12-17 09:22:41,Walk,1178000
p11,2019-12-17 10:08:43,Treadmill,1736000
p11,2019-12-18 09:01:01,Walk,1178000
p11,2019-12-23 14:48:42,Walk,1332000
p11,2019-12-24 13:52:04,Walk,1280000
p11,2019-12-26 14:49:38,Walk,3175000
p11,2019-12-29 08:45:22,Walk,2049000
p11,2019-12-29 10:50:50,Walk,2355000
p11,2020-01-02 08:50:20,Walk,1639000
p11,2020-01-02 10:01:10,Walk,1946000
p11,2020-01-02 10:54:05,Walk,1843000
p11,2020-01-04 14:29:29,Walk,1127000
p11,2020-01-06 08:45:54,Walk,973000
p11,2020-01-06 13:41:07,Treadmill,1810000
p11,2020-01-09 16:27:34,Run,1638000
p11,2020-01-10 12:01:52,Walk,1076000
p11,2020-01-13 11:25:41,Treadmill,1322000
p11,2020-01-13 12:06:20,Walk,973000
p11,2020-01-14 14:31:11,Walk,2816000
p11,2020-01-15 17:07:09,Walk,1280000
p11,2020-01-15 18:34:11,Walk,1639000
p11,2020-01-16 13:25:45,Treadmill,764000
p11,2020-01-16 14:00:00,Walk,1126000
p11,2020-01-17 10:23:06,Treadmill,2017000
p11,2020-01-17 10:57:06,Walk,973000
p11,2020-01-19 11:59:40,Walk,1383000
p11,2020-01-19 15:37:17,Walk,1383000
p11,2020-01-20 15:32:48,Walk,921000
p11,2020-01-21 18:34:00,Workout,3003000
p11,2020-01-22 15:42:03,Walk,1690000
p11,2020-01-25 11:00:00,Skiing,19800000
p11,2020-01-26 10:30:00,Cross Country Skiing,6600000
p11,2020-01-26 13:27:40,Cross Country Skiing,3431000
p11,2020-01-29 14:42:03,Walk,922000
p11,2020-01-30 10:10:32,Walk,3379000
p11,2020-02-02 13:43:05,Walk,3124000
p11,2020-02-04 08:25:06,Walk,1332000
p11,2020-02-04 08:45:00,Treadmill,697000
p11,2020-02-04 08:59:18,Weights,834000
p11,2020-02-04 09:18:01,Walk,1229000
p11,2020-02-08 09:01:45,Walk,1024000
p11,2020-02-08 09:31:28,Spinning,3478000
p11,2020-02-10 08:01:36,Walk,922000
p11,2020-02-10 08:31:29,Spinning,3430000
p11,2020-02-12 18:00:00,Yoga,4500000
p11,2020-02-13 09:00:00,Circuit Training,3600000
p11,2020-02-17 08:28:04,Spinning,3604000
p11,2020-02-17 09:37:13,Walk,1127000
p11,2020-02-18 15:28:39,Walk,922000
p11,2020-02-20 07:56:48,Spinning,3602000
p11,2020-02-21 16:16:21,Treadmill,2046000
p11,2020-02-23 15:31:00,Circuit Training,3441000
p11,2020-02-24 18:26:15,Spinning,2503000
p11,2020-02-25 15:52:28,Walk,1485000
p11,2020-03-01 12:10:04,Walk,1434000
p11,2020-03-01 15:38:12,Circuit Training,3157000
p11,2020-03-11 18:26:32,Walk,1946000
p11,2020-03-11 20:59:18,Walk,1946000
p11,2020-03-13 08:33:43,Walk,1587000
p12,2019-11-07 09:26:57,Workout,1166000
p12,2019-11-09 08:30:45,Run,1485000
p12,2019-11-15 13:08:56,Walk,1484000
p12,2019-11-16 13:10:19,Walk,1536000
p12,2019-11-16 15:16:37,Walk,1024000
p12,2019-11-17 08:39:39,Workout,6398000
p12,2019-11-18 05:11:52,Run,2087000
p12,2019-11-22 05:08:19,Workout,1381000
p12,2019-11-22 15:43:02,Walk,1638000
p12,2019-11-24 19:20:53,Walk,1331000
p12,2019-11-25 05:09:32,Run,2017000
p12,2019-11-25 13:03:21,Walk,1485000
p12,2019-11-27 05:13:05,Workout,846000
p12,2019-11-27 05:27:16,Run,1196000
p12,2019-11-29 05:01:39,Run,1997000
p12,2019-12-02 05:53:58,Run,99000
p12,2019-12-04 14:23:01,Walk,1075000
p12,2019-12-06 09:57:37,Run,1548000
p12,2019-12-06 10:21:46,Walk,1024000
p12,2019-12-06 12:18:40,Walk,1024000
p12,2019-12-07 11:50:13,Walk,2099000
p12,2019-12-07 18:28:47,Walk,1690000
p12,2019-12-08 18:19:56,Walk,1639000
p12,2019-12-09 13:39:41,Walk,1946000
p12,2019-12-10 09:18:26,Walk,2458000
p12,2019-12-11 16:30:44,Walk,1332000
p12,2019-12-12 16:11:36,Walk,4096000
p12,2019-12-14 16:28:16,Walk,1638000
p12,2019-12-17 05:19:05,Run,1843000
p12,2019-12-17 05:49:48,Walk,1024000
p12,2019-12-20 11:15:45,Walk,1434000
p12,2019-12-20 12:10:22,Walk,1331000
p12,2019-12-20 14:14:58,Walk,1127000
p12,2019-12-21 10:34:30,Walk,973000
p12,2020-01-10 05:17:20,Run,1332000
p12,2020-01-10 21:04:34,Walk,1126000
p12,2020-01-11 13:22:30,Walk,1588000
p12,2020-01-11 14:22:14,Walk,1127000
p12,2020-01-12 12:27:30,Walk,3738000
p12,2020-01-12 14:03:05,Walk,2816000
p12,2020-01-13 05:24:44,Run,1281000
p12,2020-01-15 12:40:04,Walk,1126000
p12,2020-01-16 17:17:55,Walk,2560000
p12,2020-01-16 19:02:02,Walk,1075000
p12,2020-01-17 10:47:40,Walk,1331000
p12,2020-01-17 12:58:14,Walk,1280000
p12,2020-01-17 16:11:06,Walk,922000
p12,2020-01-18 08:28:13,Walk,2355000
p12,2020-01-18 11:01:50,Walk,921000
p12,2020-01-18 12:50:13,Walk,2150000
p12,2020-01-18 14:01:03,Walk,1894000
p12,2020-01-18 15:28:06,Walk,1331000
p12,2020-01-18 18:51:13,Walk,4557000
p12,2020-01-19 10:31:45,Walk,2150000
p12,2020-01-19 11:43:26,Walk,1485000
p12,2020-01-19 13:22:26,Walk,2611000
p12,2020-01-19 15:00:35,Walk,4864000
p12,2020-01-23 15:58:42,Walk,1024000
p12,2020-01-25 10:48:05,Walk,7527000
p12,2020-01-25 13:44:44,Walk,5581000
p12,2020-01-26 12:31:47,Walk,1946000
p12,2020-01-26 14:52:35,Walk,1741000
p12,2020-01-27 06:03:06,Walk,1126000
p12,2020-01-27 15:17:01,Walk,1076000
p12,2020-01-27 20:08:52,Walk,1946000
p12,2020-01-28 16:37:40,Walk,1741000
p12,2020-01-29 05:30:48,Walk,2560000
p12,2020-01-29 10:45:42,Walk,921000
p12,2020-01-29 18:27:21,Walk,2253000
p12,2020-01-31 18:19:40,Walk,1997000
p12,2020-02-01 10:41:51,Outdoor Bike,2765000
p12,2020-02-01 13:17:09,Sport,1383000
p12,2020-02-01 14:27:08,Sport,1741000
p12,2020-02-02 12:51:58,Sport,973000
p12,2020-02-02 14:07:03,Walk,1076000
p12,2020-02-03 13:59:48,Walk,1587000
p12,2020-02-04 14:07:54,Walk,2304000
p12,2020-02-05 05:30:21,Walk,1383000
p12,2020-02-05 18:02:09,Walk,1843000
p12,2020-02-07 05:32:56,Walk,2407000
p12,2020-02-07 15:30:29,Walk,1536000
p12,2020-02-08 10:00:41,Walk,6349000
p12,2020-02-10 05:25:04,Walk,2868000
p12,2020-02-11 13:38:44,Walk,2355000
p12,2020-02-11 16:00:23,Walk,1229000
p12,2020-02-12 05:26:47,Walk,1485000
p12,2020-02-12 20:02:19,Walk,1177000
p12,2020-02-18 16:28:15,Walk,7015000
p12,2020-02-19 18:17:55,Walk,3840000
p12,2020-02-22 11:56:56,Walk,7936000
p12,2020-02-23 09:11:51,Walk,2611000
p12,2020-02-23 10:42:18,Walk,4864000
p12,2020-02-25 05:28:30,Walk,2150000
p13,2019-11-11 14:51:47,Run,1876000
p13,2019-11-11 15:24:16,Walk,1177000
p13,2019-11-12 16:02:21,Walk,973000
p13,2019-11-13 14:48:39,Walk,922000
p13,2019-11-15 16:29:36,Walk,1382000
p13,2019-11-16 08:35:37,Walk,1178000
p13,2019-11-16 13:26:38,Walk,922000
p13,2019-11-16 14:14:26,Outdoor Bike,1331000
p13,2019-11-16 14:36:37,Walk,2867000
p13,2019-11-16 15:55:59,Sport,1433000
p13,2019-11-17 08:42:58,Walk,1638000
p13,2019-11-17 13:57:52,Outdoor Bike,1075000
p13,2019-11-17 19:33:14,Walk,1178000
p13,2019-11-18 19:03:09,Walk,1997000
p13,2019-11-19 17:54:32,Walk,1383000
p13,2019-11-21 16:09:47,Walk,3380000
p13,2019-11-24 16:17:20,Walk,3636000
p13,2019-11-24 18:25:21,Walk,1536000
p13,2019-11-25 17:25:17,Walk,973000
p13,2019-11-26 15:17:04,Walk,922000
p13,2019-11-26 22:58:46,Walk,1638000
p13,2019-11-28 15:31:01,Walk,1280000
p13,2019-11-28 15:57:29,Sport,921000
p13,2019-11-28 17:37:20,Walk,1075000
p13,2019-11-30 09:14:02,Sport,1485000
p13,2019-11-30 18:38:08,Walk,1844000
p13,2019-12-13 00:05:12,Walk,1741000
p13,2019-12-13 20:57:05,Walk,2508000
p13,2019-12-14 03:23:38,Walk,1024000
p13,2019-12-14 05:43:36,Walk,1075000
p13,2019-12-14 21:42:44,Walk,1741000
p13,2019-12-15 00:34:16,Walk,4505000
p13,2019-12-15 16:02:42,Walk,973000
p13,2019-12-19 16:32:52,Walk,2151000
p13,2019-12-19 21:17:54,Walk,1280000
p13,2019-12-20 11:20:59,Walk,3994000
p13,2019-12-21 14:02:42,Walk,1024000
p13,2019-12-21 15:11:49,Walk,1229000
p13,2019-12-22 15:25:04,Walk,1895000
p13,2019-12-23 11:25:43,Walk,3891000
p13,2020-01-02 16:08:15,Run,1314000
p13,2020-01-02 18:54:28,Outdoor Bike,2509000
p13,2020-01-06 19:32:06,Outdoor Bike,1741000
p13,2020-01-06 20:43:47,Sport,1484000
p13,2020-01-07 17:53:35,Run,1531000
p13,2020-01-25 13:26:45,Outdoor Bike,4864000
p13,2020-01-25 16:46:26,Walk,2099000
p13,2020-01-26 14:44:50,Outdoor Bike,5942000
p13,2020-02-18 05:31:44,Run,2295000
p13,2020-03-20 15:42:33,Walk,1076000
p14,2019-11-14 09:29:42,Walk,1741000
p14,2019-11-15 04:17:02,Walk,1485000
p14,2019-11-15 09:09:44,Walk,1229000
p14,2019-11-15 15:03:54,Walk,2202000
p14,2019-11-17 12:41:22,Walk,1452000
p14,2019-11-17 15:31:37,Walk,1580000
p14,2019-11-18 09:28:27,Walk,1638000
p14,2019-11-18 17:25:32,Walk,1690000
p14,2019-11-19 05:01:56,Walk,1536000
p14,2019-11-19 14:10:16,Treadmill,2400000
p14,2019-11-19 14:50:44,Workout,2631000
p14,2019-11-19 16:07:36,Walk,1536000
p14,2019-11-20 05:10:09,Walk,1332000
p14,2019-11-20 10:37:01,Walk,1280000
p14,2019-11-21 14:20:17,Walk,1280000
p14,2019-11-21 16:59:01,Walk,1690000
p14,2019-11-23 04:34:17,Walk,1178000
p14,2019-11-23 11:02:35,Walk,1331000
p14,2019-11-23 12:05:44,Walk,922000
p14,2019-11-23 16:07:15,Walk,1229000
p14,2019-11-24 09:30:15,Walk,1792000
p14,2019-11-24 10:38:31,Walk,4045000
p14,2019-11-24 14:18:42,Walk,4147000
p14,2019-11-24 23:53:02,Walk,1178000
p14,2019-11-25 10:58:41,Walk,2151000
p14,2019-11-26 11:18:00,Walk,1331000
p14,2019-11-26 16:58:31,Workout,2540000
p14,2019-11-26 19:46:38,Walk,1177000
p14,2019-11-27 07:00:49,Walk,1331000
p14,2019-11-27 10:17:56,Walk,973000
p14,2019-11-27 13:28:15,Walk,1639000
p14,2019-11-28 05:54:47,Walk,1280000
p14,2019-11-28 16:53:35,Walk,1792000
p14,2019-12-02 06:59:03,Walk,1332000
p14,2019-12-02 16:36:46,Walk,1638000
p14,2019-12-02 17:05:02,Workout,2018000
p14,2019-12-02 17:56:07,Walk,1792000
p14,2019-12-03 04:36:54,Walk,1434000
p14,2019-12-03 17:50:25,Walk,1587000
p14,2019-12-04 06:37:29,Walk,1280000
p14,2019-12-05 18:12:16,Walk,1382000
p14,2019-12-06 05:27:24,Walk,1383000
p14,2019-12-06 15:52:07,Walk,2816000
p14,2019-12-07 09:48:17,Walk,2305000
p14,2019-12-07 12:57:45,Walk,1382000
p14,2019-12-07 14:13:42,Walk,1127000
p14,2019-12-09 13:37:51,Workout,2995000
p14,2019-12-09 14:56:36,Walk,921000
p14,2019-12-10 11:03:17,Walk,1485000
p14,2019-12-10 15:32:21,Treadmill,4498000
p14,2019-12-10 18:12:33,Walk,1997000
p14,2019-12-11 07:35:35,Walk,1536000
p14,2019-12-11 12:18:03,Walk,921000
p14,2019-12-11 16:15:17,Walk,1229000
p14,2019-12-12 14:11:18,Walk,1638000
p14,2019-12-13 06:08:47,Walk,1331000
p14,2019-12-13 13:44:45,Workout,3533000
p14,2019-12-13 15:08:58,Walk,1536000
p14,2019-12-13 17:14:25,Walk,1024000
p14,2019-12-13 21:59:27,Walk,973000
p14,2019-12-16 09:48:36,Walk,1229000
p14,2019-12-16 15:55:33,Walk,1639000
p14,2019-12-17 05:30:35,Walk,1382000
p14,2019-12-17 13:32:45,Walk,2150000
p14,2019-12-18 07:45:56,Walk,1485000
p14,2019-12-18 15:27:37,Walk,1434000
p14,2019-12-19 10:27:57,Walk,1536000
p14,2019-12-20 05:11:51,Walk,1433000
p14,2019-12-20 09:53:28,Walk,1382000
p14,2019-12-20 16:33:41,Walk,2868000
p14,2019-12-21 06:24:01,Walk,1434000
p14,2019-12-21 10:17:00,Walk,1536000
p14,2019-12-21 14:17:39,Walk,3533000
p14,2019-12-22 08:48:47,Walk,6912000
p14,2019-12-25 09:44:07,Walk,8090000
p14,2019-12-26 16:10:32,Walk,2662000
p14,2019-12-27 10:06:07,Run,3653000
p14,2019-12-28 13:15:00,Walk,1281000
p14,2019-12-29 03:16:43,Walk,1178000
p14,2019-12-30 09:50:41,Walk,1280000
p14,2019-12-30 10:31:39,Walk,973000
p14,2020-01-02 13:40:50,Walk,2406000
p14,2020-01-02 23:33:05,Walk,1229000
p14,2020-01-03 07:00:17,Walk,1844000
p14,2020-01-03 14:14:40,Walk,1281000
p14,2020-01-05 11:45:04,Run,2014000
p14,2020-01-05 15:42:04,Walk,1690000
p14,2020-01-06 07:54:06,Walk,1536000
p14,2020-01-06 15:21:07,Treadmill,1586000
p14,2020-01-06 16:16:04,Workout,1284000
p14,2020-01-06 16:57:43,Walk,1383000
p14,2020-01-07 06:49:48,Walk,1178000
p14,2020-01-07 13:32:36,Walk,2714000
p14,2020-01-08 09:58:31,Run,2286000
p14,2020-01-08 11:45:37,Walk,1945000
p14,2020-01-08 21:07:08,Walk,1178000
p14,2020-01-09 00:03:47,Walk,1280000
p14,2020-01-09 09:28:44,Walk,1434000
p14,2020-01-09 13:47:19,Walk,2150000
p14,2020-01-09 15:05:50,Walk,1331000
p14,2020-01-09 17:59:03,Walk,1946000
p14,2020-01-10 11:05:45,Run,2133000
p14,2020-01-10 12:51:31,Walk,1945000
p14,2020-01-11 12:48:28,Run,5569000
p14,2020-01-12 13:22:29,Walk,5223000
p14,2020-01-13 06:53:01,Walk,1331000
p14,2020-01-13 14:22:03,Walk,1434000
p14,2020-01-14 11:15:42,Walk,1332000
p14,2020-01-14 14:17:48,Treadmill,3715000
p14,2020-01-14 15:23:31,Workout,710000
p14,2020-01-14 17:12:25,Walk,1382000
p14,2020-01-15 08:31:32,Walk,1383000
p14,2020-01-15 14:31:40,Walk,2714000
p14,2020-01-15 15:39:54,Run,2266000
p14,2020-01-16 07:51:59,Walk,1433000
p14,2020-01-16 11:38:59,Walk,1639000
p14,2020-01-16 15:08:15,Run,2337000
p14,2020-01-16 18:32:03,Walk,5734000
p14,2020-01-17 07:54:15,Walk,1382000
p14,2020-01-17 13:52:27,Treadmill,1008000
p14,2020-01-17 14:15:36,Workout,2409000
p14,2020-01-17 15:18:52,Walk,1997000
p14,2020-01-18 10:11:16,Run,6545000
p14,2020-01-18 12:56:03,Walk,921000
p14,2020-01-18 13:29:20,Walk,973000
p14,2020-01-18 14:36:45,Walk,1843000
p14,2020-01-18 15:40:45,Walk,1127000
p14,2020-01-19 09:34:22,Walk,1433000
p14,2020-01-19 13:36:42,Walk,1434000
p14,2020-01-19 14:42:54,Run,2574000
p14,2020-01-20 05:05:07,Walk,1536000
p14,2020-01-20 12:13:30,Walk,2150000
p14,2020-01-21 07:43:25,Walk,1177000
p14,2020-01-21 14:18:09,Treadmill,3102000
p14,2020-01-21 15:18:09,Workout,1452000
p14,2020-01-21 18:56:41,Walk,1485000
p14,2020-01-22 04:50:36,Walk,1076000
p14,2020-01-22 10:43:02,Walk,1177000
p14,2020-01-22 16:48:31,Run,2702000
p14,2020-01-23 04:51:15,Run,2661000
p14,2020-01-23 06:54:46,Walk,973000
p14,2020-01-23 14:06:33,Walk,1076000
p14,2020-01-23 20:52:45,Walk,1177000
p14,2020-01-24 09:58:40,Walk,1075000
p14,2020-01-24 15:24:39,Walk,1382000
p14,2020-01-24 20:20:45,Walk,2765000
p14,2020-01-25 13:28:26,Run,1876000
p14,2020-01-26 09:20:16,Walk,1946000
p14,2020-01-26 14:36:51,Walk,1690000
p14,2020-01-26 15:36:26,Run,2473000
p14,2020-01-27 06:35:16,Walk,1331000
p14,2020-01-27 14:00:43,Walk,1331000
p14,2020-01-28 09:40:01,Walk,1075000
p14,2020-01-28 14:14:01,Treadmill,3862000
p14,2020-01-28 17:18:15,Walk,1434000
p14,2020-01-29 14:45:03,Walk,1229000
p14,2020-01-29 16:51:21,Walk,2304000
p14,2020-01-30 11:31:47,Walk,1996000
p14,2020-01-30 17:56:38,Walk,1075000
p14,2020-01-30 18:55:57,Yoga,4343000
p14,2020-01-30 20:32:48,Walk,2560000
p14,2020-01-31 08:35:15,Walk,1560000
p14,2020-01-31 12:19:13,Walk,1536000
p14,2020-02-01 12:49:59,Walk,5325000
p14,2020-02-02 15:16:20,Walk,1997000
p14,2020-02-03 07:54:44,Walk,1280000
p14,2020-02-03 12:42:18,Walk,1076000
p14,2020-02-03 16:36:07,Walk,1639000
p14,2020-02-04 07:13:20,Walk,1280000
p14,2020-02-04 14:24:27,Treadmill,2971000
p14,2020-02-04 15:13:46,Walk,1024000
p14,2020-02-04 19:05:52,Walk,1536000
p14,2020-02-05 03:24:16,Walk,1024000
p14,2020-02-05 10:21:33,Walk,1331000
p14,2020-02-05 11:14:27,Walk,1434000
p14,2020-02-06 07:05:42,Run,4112000
p14,2020-02-07 18:57:00,Walk,1280000
p14,2020-02-08 07:18:36,Run,4940000
p14,2020-02-08 11:08:57,Walk,3840000
p14,2020-02-08 14:26:04,Walk,2458000
p14,2020-02-08 17:20:09,Walk,1024000
p14,2020-02-08 18:44:38,Walk,973000
p14,2020-02-09 10:41:13,Walk,4147000
p14,2020-02-09 13:12:19,Walk,1587000
p14,2020-02-09 16:04:41,Walk,1178000
p14,2020-02-10 07:47:37,Walk,1331000
p14,2020-02-10 12:07:53,Walk,1843000
p14,2020-02-11 09:25:19,Walk,1280000
p14,2020-02-11 14:29:34,Treadmill,2914000
p14,2020-02-11 15:17:45,Walk,921000
p14,2020-02-11 16:55:02,Walk,972000
p14,2020-02-11 19:20:57,Walk,2611000
p14,2020-02-12 08:53:20,Walk,1536000
p14,2020-02-12 15:58:17,Walk,2048000
p14,2020-02-13 06:11:38,Walk,1229000
p14,2020-02-13 10:46:24,Walk,1127000
p14,2020-02-13 14:29:59,Walk,1228000
p14,2020-02-14 05:54:08,Walk,973000
p14,2020-02-14 15:24:05,Run,3849000
p14,2020-02-15 10:02:52,Outdoor Bike,1741000
p14,2020-02-16 18:37:50,Walk,1126000
p14,2020-02-17 07:46:19,Walk,1126000
p14,2020-02-17 12:58:45,Walk,1587000
p14,2020-02-18 08:58:31,Walk,1280000
p14,2020-02-18 14:17:42,Treadmill,3468000
p14,2020-02-18 15:29:57,Workout,909000
p14,2020-02-18 19:13:46,Walk,1997000
p14,2020-02-19 09:28:48,Walk,2458000
p14,2020-02-20 05:48:13,Walk,1433000
p14,2020-02-20 13:11:06,Walk,2202000
p14,2020-02-20 16:24:23,Run,2213000
p14,2020-02-21 11:59:02,Walk,4352000
p14,2020-02-21 15:07:01,Run,2330000
p14,2020-02-22 15:09:06,Run,2226000
p14,2020-02-23 14:30:40,Run,2147000
p14,2020-02-24 11:46:37,Walk,1945000
p14,2020-02-24 12:59:09,Walk,2253000
p14,2020-02-25 06:38:08,Walk,1382000
p14,2020-02-25 11:29:07,Walk,1690000
p14,2020-02-25 16:35:28,Walk,2304000
p14,2020-02-26 07:37:26,Walk,1280000
p14,2020-02-26 12:07:56,Walk,1485000
p14,2020-02-26 15:27:36,Run,2321000
p14,2020-02-27 07:06:17,Walk,1434000
p14,2020-02-27 16:36:19,Walk,1843000
p14,2020-02-28 08:07:25,Walk,1588000
p14,2020-02-28 15:17:05,Treadmill,4175000
p14,2020-02-28 16:47:57,Walk,1792000
p14,2020-02-29 09:23:47,Walk,3533000
p14,2020-02-29 14:56:17,Run,2667000
p14,2020-03-03 07:29:46,Walk,1383000
p14,2020-03-03 14:21:56,Treadmill,4979000
p14,2020-03-03 16:19:42,Walk,2099000
p14,2020-03-04 05:34:09,Walk,1792000
p14,2020-03-04 10:20:01,Walk,921000
p14,2020-03-04 13:37:59,Walk,3328000
p14,2020-03-06 07:10:41,Walk,1332000
p14,2020-03-06 16:36:27,Walk,1638000
p14,2020-03-06 19:48:27,Walk,1792000
p14,2020-03-08 05:20:35,Walk,1076000
p14,2020-03-08 15:32:26,Walk,2099000
p14,2020-03-08 17:09:38,Run,4393000
p14,2020-03-08 22:04:57,Walk,3430000
p14,2020-03-09 07:09:30,Run,2705000
p14,2020-03-09 22:22:27,Walk,3993000
p14,2020-03-10 20:08:03,Walk,921000
p14,2020-03-10 23:33:42,Walk,1075000
p14,2020-03-11 08:40:41,Walk,1229000
p14,2020-03-11 15:20:54,Walk,1843000
p14,2020-03-13 09:35:17,Walk,2816000
p14,2020-03-13 16:07:30,Run,2144000
p14,2020-03-14 10:08:16,Walk,2150000
p14,2020-03-14 15:33:44,Run,5535000
p14,2020-03-15 15:57:08,Run,3000000
p14,2020-03-17 15:09:17,Run,2171000
p14,2020-03-19 08:54:21,Walk,1536000
p14,2020-03-19 16:04:52,Run,3721000
p14,2020-03-21 15:13:11,Run,6807000
p14,2020-03-22 14:59:09,Run,2098000
p14,2020-03-23 09:22:25,Walk,1536000
p14,2020-03-24 16:18:07,Run,2122000
p14,2020-03-25 16:22:37,Run,2070000
p14,2020-03-26 08:19:41,Walk,2355000
p14,2020-03-27 07:35:51,Walk,2047000
p14,2020-03-27 08:42:24,Walk,2048000
p14,2020-03-27 13:57:17,Walk,2457000
p14,2020-03-27 15:41:52,Run,2073000
p14,2020-03-29 10:02:36,Walk,2560000
p14,2020-03-29 13:38:19,Run,7870000
p14,2020-03-31 14:52:05,Run,2086000
p15,2019-11-10 11:12:31,Walk,3526000
p15,2019-11-11 06:30:29,Walk,2099000
p15,2019-11-12 06:26:00,Walk,2304000
p15,2019-11-12 13:13:55,Walk,1126000
p15,2019-11-12 16:56:11,Treadmill,2564000
p15,2019-11-13 06:10:22,Walk,2151000
p15,2019-11-13 13:27:18,Walk,666000
p15,2019-11-13 16:15:17,Weights,4849000
p15,2019-11-14 07:05:35,Walk,666000
p15,2019-11-15 12:29:40,Walk,1844000
p15,2019-11-15 13:22:28,Run,3589000
p15,2019-11-16 12:35:17,Run,2136000
p15,2019-11-16 21:23:43,Workout,32090000
p15,2019-11-17 11:46:43,Aerobic Workout,3943000
p15,2019-11-17 12:53:17,Elliptical,1485000
p15,2019-11-18 06:10:14,Walk,1997000
p15,2019-11-18 14:05:37,Walk,4148000
p15,2019-11-19 17:30:00,Run,24000
p15,2019-11-19 17:30:38,Treadmill,9794000
p15,2019-11-20 06:49:04,Walk,1997000
p15,2019-11-20 15:23:13,Weights,4393000
p15,2019-11-21 06:35:12,Walk,2099000
p15,2019-11-21 13:47:42,Treadmill,1329000
p15,2019-11-21 17:19:31,Walk,1638000
p15,2019-11-22 06:10:10,Walk,2151000
p15,2019-11-22 14:10:36,Weights,4552000
p15,2019-11-22 15:27:26,Walk,973000
p15,2019-11-23 08:43:44,Run,6840000
p15,2019-11-24 14:52:52,Walk,3687000
p15,2019-11-25 07:50:10,Walk,2048000
p15,2019-11-25 14:52:32,Weights,4092000
p15,2019-11-25 16:02:34,Walk,768000
p15,2019-11-26 06:34:46,Walk,2100000
p15,2019-11-26 13:53:18,Treadmill,2707000
p15,2019-11-28 11:00:30,Run,4182000
p15,2019-11-29 09:58:28,Run,4904000
p15,2019-11-30 09:43:33,Run,4512000
p15,2019-12-01 11:20:09,Walk,614000
p15,2019-12-01 18:38:16,Weights,3605000
p15,2019-12-02 06:40:50,Walk,615000
p15,2019-12-02 12:56:02,Weights,2027000
p15,2019-12-02 13:52:39,Walk,614000
p15,2019-12-03 08:03:32,Walk,717000
p15,2019-12-03 13:09:37,Weights,2340000
p15,2019-12-03 14:10:30,Walk,716000
p15,2019-12-03 18:08:38,Walk,666000
p15,2019-12-04 08:15:12,Walk,666000
p15,2019-12-05 08:56:45,Walk,666000
p15,2019-12-05 10:26:22,Walk,2355000
p15,2019-12-05 11:40:37,Walk,1689000
p15,2019-12-05 23:11:03,Walk,768000
p15,2019-12-06 13:59:22,Run,4400000
p15,2019-12-07 13:30:51,Run,4924000
p15,2019-12-08 09:56:21,Run,4222000
p15,2019-12-09 06:04:08,Walk,1997000
p15,2019-12-09 12:33:17,Walk,1024000
p15,2019-12-09 15:01:00,Weights,4800000
p15,2019-12-09 16:39:54,Walk,2406000
p15,2019-12-10 06:59:19,Walk,922000
p15,2019-12-10 16:59:43,Treadmill,3204000
p15,2019-12-10 19:08:05,Walk,717000
p15,2019-12-11 06:49:36,Walk,2150000
p15,2019-12-11 13:56:49,Weights,1239000
p15,2019-12-11 16:07:26,Walk,2048000
p15,2019-12-12 06:20:01,Walk,2202000
p15,2019-12-12 17:34:30,Treadmill,3396000
p15,2019-12-14 08:35:10,Run,51901000
p15,2019-12-15 08:35:16,Run,6400000
p15,2019-12-16 07:25:23,Walk,2049000
p15,2019-12-16 13:03:50,Weights,5089000
p15,2019-12-16 14:45:47,Walk,3277000
p15,2019-12-17 06:50:13,Walk,2151000
p15,2019-12-17 14:32:50,Walk,1792000
p15,2019-12-17 17:40:10,Treadmill,43398000
p15,2019-12-18 06:49:09,Walk,2048000
p15,2019-12-18 13:32:21,Weights,2616000
p15,2019-12-18 17:46:18,Walk,973000
p15,2019-12-18 20:22:28,Walk,1639000
p15,2019-12-19 07:05:56,Walk,1997000
p15,2019-12-19 12:59:33,Treadmill,1894000
p15,2019-12-19 14:57:52,Walk,2151000
p15,2019-12-19 18:02:12,Walk,1844000
p15,2019-12-19 19:37:47,Walk,1332000
p15,2019-12-20 06:54:33,Walk,2150000
p15,2019-12-20 14:55:19,Weights,6266000
p15,2019-12-20 16:52:49,Walk,819000
p15,2019-12-21 08:48:13,Run,5120000
p15,2019-12-21 12:16:58,Walk,2253000
p15,2019-12-21 15:28:59,Walk,1946000
p15,2019-12-22 10:35:43,Run,8057000
p15,2019-12-23 09:46:56,Run,9706000
p15,2019-12-23 16:30:47,Walk,768000
p15,2019-12-25 10:47:07,Run,10805000
p15,2019-12-26 10:35:04,Run,3437000
p15,2019-12-27 10:03:57,Run,9729000
p15,2019-12-28 10:25:53,Run,273000
p15,2019-12-28 10:33:59,Aerobic Workout,3687000
p15,2019-12-28 11:36:17,Elliptical,2611000
p15,2019-12-29 10:54:45,Run,4447000
p15,2019-12-30 08:53:52,Run,8036000
p15,2019-12-31 10:29:09,Run,7424000
p15,2020-01-01 09:17:14,Run,8865000
p15,2020-01-02 14:17:26,Walk,1383000
p15,2020-01-03 10:04:20,Run,4774000
p15,2020-01-05 09:11:04,Run,9048000
p15,2020-01-06 06:04:09,Walk,1996000
p15,2020-01-06 15:46:35,Weights,5524000
p15,2020-01-06 17:25:12,Walk,2100000
p15,2020-01-07 06:26:07,Walk,2356000
p15,2020-01-07 16:48:01,Treadmill,2817000
p15,2020-01-08 06:39:33,Walk,2049000
p15,2020-01-08 15:43:52,Weights,4788000
p15,2020-01-08 17:48:47,Walk,768000
p15,2020-01-09 07:22:59,Walk,2253000
p15,2020-01-09 15:34:27,Treadmill,2049000
p15,2020-01-10 14:14:17,Run,4269000
p15,2020-01-11 09:43:11,Run,7733000
p15,2020-01-11 15:08:38,Walk,1946000
p15,2020-01-12 10:08:30,Run,7909000
p15,2020-01-13 06:10:24,Walk,1997000
p15,2020-01-13 15:17:44,Weights,5801000
p15,2020-01-14 06:22:07,Walk,1946000
p15,2020-01-14 10:50:58,Walk,666000
p15,2020-01-14 13:23:45,Walk,768000
p15,2020-01-14 17:01:42,Treadmill,6749000
p15,2020-01-15 06:35:35,Walk,2202000
p15,2020-01-15 15:01:57,Weights,4012000
p15,2020-01-15 16:17:40,Walk,614000
p15,2020-01-16 11:03:32,Run,9925000
p15,2020-01-17 11:49:21,Run,3269000
p15,2020-01-18 11:02:05,Run,7056000
p15,2020-01-19 09:59:44,Run,7018000
p15,2020-01-20 06:19:03,Walk,2100000
p15,2020-01-20 15:45:52,Weights,5108000
p15,2020-01-21 14:38:39,Run,6859000
p15,2020-01-22 14:42:07,Weights,4350000
p15,2020-01-22 16:01:40,Walk,717000
p15,2020-01-22 16:34:57,Walk,820000
p15,2020-01-23 06:19:25,Walk,2201000
p15,2020-01-23 12:55:28,Walk,1434000
p15,2020-01-23 15:45:20,Bike,2605000
p15,2020-01-24 15:15:14,Walk,2099000
p15,2020-01-25 10:32:24,Walk,615000
p15,2020-01-25 11:18:29,Walk,4404000
p15,2020-01-25 14:15:08,Walk,1178000
p15,2020-01-25 14:58:40,Walk,614000
p15,2020-01-26 08:40:12,Run,9892000
p15,2020-01-27 14:56:34,Weights,4777000
p15,2020-01-28 14:52:17,Run,6011000
p15,2020-01-29 06:10:02,Walk,2151000
p15,2020-01-29 11:52:30,Weights,4065000
p15,2020-01-30 11:00:28,Run,5562000
p15,2020-01-31 10:41:50,Run,4730000
p15,2020-02-01 09:53:54,Run,6111000
p15,2020-02-02 09:39:49,Run,7576000
p15,2020-02-03 06:19:05,Walk,2048000
p15,2020-02-03 16:19:03,Walk,3072000
p15,2020-02-04 15:25:52,Run,14014000
p15,2020-02-05 06:19:37,Walk,2150000
p15,2020-02-06 12:12:18,Run,9324000
p15,2020-02-07 12:12:18,Run,10164000
p15,2020-02-08 10:43:50,Run,1964000
p15,2020-02-09 08:39:59,Run,8485000
p15,2020-02-11 08:26:13,Walk,2048000
p15,2020-02-11 16:19:53,Walk,1997000
p15,2020-02-12 06:36:46,Walk,1997000
p15,2020-02-12 15:16:32,Walk,2304000
p15,2020-02-13 06:39:55,Walk,2611000
p15,2020-02-13 16:04:03,Walk,2100000
p15,2020-02-14 15:11:51,Walk,1946000
p15,2020-02-14 18:00:00,Walk,2406000
p15,2020-02-15 08:37:42,Run,8153000
p15,2020-02-15 14:43:29,Walk,717000
p15,2020-02-17 10:37:34,Run,6536000
p15,2020-02-17 15:36:01,Sport,1382000
p15,2020-02-18 11:10:21,Walk,666000
p15,2020-02-18 11:19:20,Run,9460000
p15,2020-02-19 11:41:15,Run,7400000
p15,2020-02-20 08:46:11,Run,5089000
p15,2020-02-21 09:51:44,Sport,1280000
p15,2020-02-21 11:29:31,Run,10071000
p15,2020-02-22 14:12:38,Run,7486000
p15,2020-02-23 09:23:41,Run,11074000
p15,2020-02-24 06:04:40,Walk,1997000
p15,2020-02-24 17:17:53,Walk,2332000
p15,2020-02-25 11:09:22,Walk,615000
p15,2020-02-25 12:32:09,Walk,717000
p15,2020-02-25 14:52:06,Walk,3482000
p15,2020-02-26 09:52:13,Walk,1997000
p15,2020-02-26 16:29:02,Walk,2048000
p15,2020-02-27 06:04:01,Walk,2458000
p15,2020-02-28 11:06:06,Run,89000
p15,2020-02-28 11:11:08,Elliptical,5838000
p15,2020-02-28 15:14:21,Sport,1997000
p15,2020-02-29 11:21:31,Run,10393000
p15,2020-03-01 12:05:01,Run,10034000
p15,2020-03-02 11:00:52,Walk,666000
p15,2020-03-02 20:26:44,Walk,1177000
p15,2020-03-03 12:49:50,Walk,768000
p15,2020-03-03 13:22:15,Walk,4762000
p15,2020-03-04 11:49:42,Walk,4046000
p15,2020-03-05 05:27:25,Run,7305000
p15,2020-03-05 12:56:03,Walk,3328000
p15,2020-03-06 08:56:08,Run,11572000
p15,2020-03-06 15:07:57,Walk,6758000
p15,2020-03-07 13:17:33,Walk,3379000
p15,2020-03-08 12:06:24,Outdoor Bike,1587000
p15,2020-03-10 12:45:59,Walk,1382000
p15,2020-03-11 00:57:22,Walk,1127000
p15,2020-03-11 02:18:27,Walk,1433000
p15,2020-03-11 11:02:26,Walk,1690000
p15,2020-03-11 15:09:04,Sport,2765000
p15,2020-03-12 10:16:47,Run,20774000
p15,2020-03-13 11:27:56,Run,7195000
p15,2020-03-13 16:47:22,Sport,972000
p15,2020-03-14 10:06:12,Run,9582000
p15,2020-03-15 11:33:21,Walk,870000
p15,2020-03-16 06:52:10,Bike,4791000
p15,2020-03-16 16:00:10,Walk,54522000
p15,2020-03-17 07:24:31,Bike,4922000
p15,2020-03-17 15:12:20,Walk,5344000
p15,2020-03-18 09:21:30,Outdoor Bike,4557000
p15,2020-03-18 15:41:58,Walk,6887000
p15,2020-03-19 10:14:24,Bike,5125000
p15,2020-03-19 15:26:47,Walk,23318000
p15,2020-03-20 14:29:07,Walk,9070000
p15,2020-03-21 06:54:47,Bike,6286000
p15,2020-03-22 08:50:57,Bike,8490000
p15,2020-03-22 14:19:28,Walk,1228000
p15,2020-03-23 15:45:14,Walk,3379000
p15,2020-03-24 13:02:07,Bike,6653000
p15,2020-03-25 16:13:26,Walk,5581000
p15,2020-03-26 13:27:04,Bike,6842000
p15,2020-03-27 14:59:12,Walk,2867000
p15,2020-03-28 11:22:54,Bike,7881000
p15,2020-03-29 11:54:53,Walk,665000
p15,2020-03-29 13:15:57,Aerobic Workout,1126000
p15,2020-03-29 14:14:50,Walk,1587000
p15,2020-03-30 12:00:38,Bike,7728000
p15,2020-03-31 08:08:52,Walk,615000
p15,2020-03-31 08:34:28,Walk,615000
p15,2020-03-31 09:00:04,Walk,871000
p15,2020-03-31 11:09:47,Walk,614000
p16,2019-11-19 21:05:35,Walk,922000
p16,2019-12-02 15:58:42,Walk,922000
p16,2019-12-06 14:58:01,Walk,973000
p16,2019-12-14 17:04:08,Walk,1126000
p16,2019-12-18 14:46:55,Walk,2816000
p16,2019-12-24 13:09:41,Aerobic Workout,1740000
p16,2019-12-27 01:35:38,Aerobic Workout,1638000
p16,2019-12-28 13:17:31,Walk,973000
p16,2019-12-30 13:47:25,Walk,1485000
p16,2020-01-10 17:24:45,Walk,922000
p16,2020-01-17 14:11:40,Walk,921000
p16,2020-01-20 15:39:09,Walk,1075000
p16,2020-02-14 00:35:19,Outdoor Bike,1229000
p16,2020-02-22 19:49:58,Walk,1844000
p16,2020-02-22 22:04:48,Walk,1434000
p16,2020-03-09 21:41:32,Walk,922000
p16,2020-03-16 11:04:40,Walk,1024000
p16,2020-03-20 11:14:05,Walk,1178000
p16,2020-03-29 00:00:35,Outdoor Bike,1434000
